<?xml version="1.0" encoding="UTF-8" standalone="yes"?>
<nfeProc xmlns:xsd="http://www.w3.org/2001/XMLSchema" xmlns:xsi="http://www.w3.org/2001/XMLSchema-instance" versao="4.00" xmlns="http://www.portalfiscal.inf.br/nfe">
  <NFe>
    <infNFe versao="4.00" Id="NFe42201181786121000102550010005766061609497658">
      <ide>
        <cUF>42</cUF>
        <cNF>99</cNF>
        <natOp>VENDA DE PRODUTO / MERCADORIA</natOp>
        <mod>55</mod>
        <serie>1</serie>
        <nNF>100</nNF>
        <dhEmi>2020-11-26T00:00:00+00:00</dhEmi>
        <dhSaiEnt>2020-11-29T10:00:01+00:00</dhSaiEnt>
        <tpNF>1</tpNF>
        <idDest>2</idDest>
        <cMunFG>4217303</cMunFG>
        <tpImp>1</tpImp>
        <tpEmis>1</tpEmis>
        <cDV>8</cDV>
        <tpAmb>1</tpAmb>
        <finNFe>1</finNFe>
        <indFinal>1</indFinal>
        <indPres>9</indPres>
        <procEmi>0</procEmi>
        <verProc>20.3.5</verProc>
      </ide>
      <emit>
        <CNPJ>81786121000102</CNPJ>
        <xNome>DASS SUL CALCADOS E ARTIGOS ESPORTIVOS LTDA</xNome>
        <enderEmit>
          <xLgr>RUA MARCILIO DIAS</xLgr>
          <nro>10</nro>
          <xBairro>CENTRO</xBairro>
          <cMun>4217303</cMun>
          <xMun>SAUDADES</xMun>
          <UF>SC</UF>
          <CEP>89868000</CEP>
          <cPais>1058</cPais>
          <xPais>Brasil</xPais>
          <fone>1123949701</fone>
        </enderEmit>
        <IE>251969584</IE>
        <CRT>3</CRT>
      </emit>
      <dest>
        <CPF>02680800540</CPF>
        <xNome>LUIZ CARLOS BARRETO DA SILVA FILHO</xNome>
        <enderDest>
          <xLgr>RUA AMAZONAS</xLgr>
          <nro>78</nro>
          <xCpl>-VILLA ARBORETTO T1 APT 304</xCpl>
          <xBairro>NARANDIBA</xBairro>
          <cMun>2927408</cMun>
          <xMun>SALVADOR</xMun>
          <UF>BA</UF>
          <CEP>41192065</CEP>
          <cPais>1058</cPais>
          <xPais>Brasil</xPais>
          <fone>71988088027</fone>
        </enderDest>
        <indIEDest>9</indIEDest>
        <email>barretolc@gmail.com</email>
      </dest>
      <det nItem="1">
        <prod>
          <cProd>873253</cProd>
          <cEAN>7909527097872</cEAN>
          <xProd>1FM00139-TENIS FILA DISRUPTOR II PREMIUM MASCULINO-WHT/WHT/WHT-100-Tam:40</xProd>
          <NCM>64039990</NCM>
          <CFOP>6108</CFOP>
          <uCom>PAR</uCom>
          <qCom>1.0000</qCom>
          <vUnCom>499.9000000000</vUnCom>
          <vProd>499.90</vProd>
          <cEANTrib>7909527097872</cEANTrib>
          <uTrib>PAR</uTrib>
          <qTrib>1.0000</qTrib>
          <vUnTrib>499.9000000000</vUnTrib>
          <indTot>1</indTot>
          <xPed>1079302936673-0</xPed>
        </prod>
        <imposto>
          <ICMS>
            <ICMS00>
              <orig>1</orig>
              <CST>00</CST>
              <modBC>3</modBC>
              <vBC>499.90</vBC>
              <pICMS>4.0000</pICMS>
              <vICMS>20.00</vICMS>
            </ICMS00>
          </ICMS>
          <IPI>
            <cEnq>999</cEnq>
            <IPINT>
              <CST>51</CST>
            </IPINT>
          </IPI>
          <PIS>
            <PISAliq>
              <CST>01</CST>
              <vBC>499.90</vBC>
              <pPIS>1.6500</pPIS>
              <vPIS>8.25</vPIS>
            </PISAliq>
          </PIS>
          <COFINS>
            <COFINSAliq>
              <CST>01</CST>
              <vBC>499.90</vBC>
              <pCOFINS>7.6000</pCOFINS>
              <vCOFINS>37.99</vCOFINS>
            </COFINSAliq>
          </COFINS>
          <ICMSUFDest>
            <vBCUFDest>499.90</vBCUFDest>
            <vBCFCPUFDest>0.00</vBCFCPUFDest>
            <pFCPUFDest>0.0000</pFCPUFDest>
            <pICMSUFDest>18.0000</pICMSUFDest>
            <pICMSInter>4.00</pICMSInter>
            <pICMSInterPart>100.0000</pICMSInterPart>
            <vFCPUFDest>0.00</vFCPUFDest>
            <vICMSUFDest>69.98</vICMSUFDest>
            <vICMSUFRemet>0.00</vICMSUFRemet>
          </ICMSUFDest>
        </imposto>
      </det>
      <total>
        <ICMSTot>
          <vBC>499.90</vBC>
          <vICMS>20.00</vICMS>
          <vICMSDeson>0.00</vICMSDeson>
          <vFCPUFDest>0.00</vFCPUFDest>
          <vICMSUFDest>69.98</vICMSUFDest>
          <vICMSUFRemet>0.00</vICMSUFRemet>
          <vFCP>0.00</vFCP>
          <vBCST>0.00</vBCST>
          <vST>0.00</vST>
          <vFCPST>0.00</vFCPST>
          <vFCPSTRet>0.00</vFCPSTRet>
          <vProd>499.90</vProd>
          <vFrete>0.00</vFrete>
          <vSeg>0.00</vSeg>
          <vDesc>0.00</vDesc>
          <vII>0.00</vII>
          <vIPI>0.00</vIPI>
          <vIPIDevol>0.00</vIPIDevol>
          <vPIS>8.25</vPIS>
          <vCOFINS>37.99</vCOFINS>
          <vOutro>0.00</vOutro>
          <vNF>499.90</vNF>
          <vTotTrib>0.00</vTotTrib>
        </ICMSTot>
      </total>
      <transp>
        <modFrete>3</modFrete>
        <transporta>
          <CNPJ>81786121000102</CNPJ>
          <xNome>DASS SUL CALCADOS E ART ESP LTDA - MTZ</xNome>
          <IE>251969584</IE>
          <xEnder>RUA MARCILIO DIAS-10</xEnder>
          <xMun>SAUDADES</xMun>
          <UF>SC</UF>
        </transporta>
        <vol>
          <qVol>1</qVol>
          <esp>Caixa</esp>
          <marca>FILA</marca>
          <nVol>VF557129</nVol>
          <pesoL>0.700</pesoL>
          <pesoB>0.800</pesoB>
        </vol>
      </transp>
      <cobr>
        <fat>
          <nFat>576606</nFat>
          <vOrig>499.90</vOrig>
          <vLiq>499.90</vLiq>
        </fat>
        <dup>
          <nDup>001</nDup>
          <dVenc>2020-12-29</dVenc>
          <vDup>124.99</vDup>
        </dup>
        <dup>
          <nDup>002</nDup>
          <dVenc>2021-01-29</dVenc>
          <vDup>124.97</vDup>
        </dup>
        <dup>
          <nDup>003</nDup>
          <dVenc>2021-03-01</dVenc>
          <vDup>124.97</vDup>
        </dup>
        <dup>
          <nDup>004</nDup>
          <dVenc>2021-03-30</dVenc>
          <vDup>124.97</vDup>
        </dup>
      </cobr>
      <pag>
        <detPag>
          <tPag>99</tPag>
          <vPag>499.90</vPag>
        </detPag>
      </pag>
      <infAdic>
        <infCpl>1079302936673-01 CFOP:6108:499,90 -REDESPACHO:MANDAE SERVICOS DE CONSULTORIA EM LOGISTICA S/A FONE:11969232913 ENDERECO:AV TORRES DE OLIVEIRA 407 CNPJ:19.782.476/0001 50 MUNICIPIO/UF/PAIS:SAO PAULO/SP BRASIL BAIRRO:JAGUARE PRACA PAGAMENTO:RUA AMAZONAS 78-VILLA ARBORETTO T1 APT 304CEP:41192065 VL.PARTILHA PARA UF DE DESTINO: R$ 69,98.EM CASO DE DUVIDAS ACESSE:HTTPS://WWW.FILA.COM.BR/FALE-CONOSCO</infCpl>
        <obsCont xCampo="SEQUENCIA">
          <xTexto>23057656 PEDIDO:VF557129  QTD.TOTAL:1 REPRES:1001 Clie:42344</xTexto>
        </obsCont>
      </infAdic>
    </infNFe>
  </NFe>
  <protNFe versao="4.00">
    <infProt>
      <tpAmb>1</tpAmb>
      <verAplic>NFE.io</verAplic>
      <chNFe>42201181786121000102550010005766061609497658</chNFe>
      <dhRecbto>2020-11-26T16:55:57+00:00</dhRecbto>
      <nProt>342200192682213</nProt>
      <cStat>100</cStat>
      <xMotivo>Autorizado o uso da NF-e</xMotivo>
    </infProt>
  </protNFe>
</nfeProc>T>
          </IPI>
          <PIS>
            <PISAliq>
              <CST>01</CST>
              <vBC>67.42</vBC>
              <pPIS>1.6500</pPIS>
              <vPIS>1.11</vPIS>
            </PISAliq>
          </PIS>
          <COFINS>
            <COFINSAliq>
              <CST>01</CST>
              <vBC>67.42</vBC>
              <pCOFINS>7.6000</pCOFINS>
              <vCOFINS>5.12</vCOFINS>
            </COFINSAliq>
          </COFINS>
          <ICMSUFDest>
            <vBCUFDest>67.42</vBCUFDest>
            <vBCFCPUFDest>0.00</vBCFCPUFDest>
            <pFCPUFDest>0.0000</pFCPUFDest>
            <pICMSUFDest>18.0000</pICMSUFDest>
            <pICMSInter>7.00</pICMSInter>
            <pICMSInterPart>100.0000</pICMSInterPart>
            <vFCPUFDest>0.00</vFCPUFDest>
            <vICMSUFDest>7.42</vICMSUFDest>
            <vICMSUFRemet>0.00</vICMSUFRemet>
          </ICMSUFDest>
        </imposto>
        <infAdProd>Resolução do Senado n.13/12, N.FCI:3E435206-BAF2-483C-B4F4-DC262676A060</infAdProd>
      </det>
      <total>
        <ICMSTot>
          <vBC>232.26</vBC>
          <vICMS>16.26</vICMS>
          <vICMSDeson>0.00</vICMSDeson>
          <vFCPUFDest>0.00</vFCPUFDest>
          <vICMSUFDest>25.56</vICMSUFDest>
          <vICMSUFRemet>0.00</vICMSUFRemet>
          <vFCP>0.00</vFCP>
          <vBCST>0.00</vBCST>
          <vST>0.00</vST>
          <vFCPST>0.00</vFCPST>
          <vFCPSTRet>0.00</vFCPSTRet>
          <vProd>232.26</vProd>
          <vFrete>0.00</vFrete>
          <vSeg>0.00</vSeg>
          <vDesc>0.00</vDesc>
          <vII>0.00</vII>
          <vIPI>0.00</vIPI>
          <vIPIDevol>0.00</vIPIDevol>
          <vPIS>3.83</vPIS>
          <vCOFINS>17.64</vCOFINS>
          <vOutro>0.00</vOutro>
          <vNF>232.26</vNF>
          <vTotTrib>0.00</vTotTrib>
        </ICMSTot>
      </total>
      <transp>
        <modFrete>3</modFrete>
        <transporta>
          <CNPJ>81786121000102</CNPJ>
          <xNome>DASS SUL CALCADOS E ART ESP LTDA - MTZ</xNome>
          <IE>251969584</IE>
          <xEnder>RUA MARCILIO DIAS-10</xEnder>
          <xMun>SAUDADES</xMun>
          <UF>SC</UF>
        </transporta>
        <vol>
          <qVol>1</qVol>
          <esp>Caixa</esp>
          <marca>FILA</marca>
          <nVol>VF556920</nVol>
          <pesoL>0.437</pesoL>
          <pesoB>0.497</pesoB>
        </vol>
      </transp>
      <cobr>
        <fat>
          <nFat>575866</nFat>
          <vOrig>232.26</vOrig>
          <vLiq>232.26</vLiq>
        </fat>
        <dup>
          <nDup>001</nDup>
          <dVenc>2020-12-29</dVenc>
          <vDup>38.71</vDup>
        </dup>
        <dup>
          <nDup>002</nDup>
          <dVenc>2021-01-29</dVenc>
          <vDup>38.71</vDup>
        </dup>
        <dup>
          <nDup>003</nDup>
          <dVenc>2021-03-01</dVenc>
          <vDup>38.71</vDup>
        </dup>
        <dup>
          <nDup>004</nDup>
          <dVenc>2021-03-30</dVenc>
          <vDup>38.71</vDup>
        </dup>
        <dup>
          <nDup>005</nDup>
          <dVenc>2021-04-30</dVenc>
          <vDup>38.71</vDup>
        </dup>
        <dup>
          <nDup>006</nDup>
          <dVenc>2021-05-31</dVenc>
          <vDup>38.71</vDup>
        </dup>
      </cobr>
      <pag>
        <detPag>
          <tPag>99</tPag>
          <vPag>232.26</vPag>
        </detPag>
      </pag>
      <infAdic>
        <infCpl>1078941562722-01 CFOP:6107:164,84 6108:67,42 -REDESPACHO:MANDAE SERVICOS DE CONSULTORIA EM LOGISTICA S/A FONE:11969232913 ENDERECO:AV TORRES DE OLIVEIRA 407 CNPJ:19.782.476/0001 50 MUNICIPIO/UF/PAIS:SAO PAULO/SP BRASIL BAIRRO:JAGUARE PRACA PAGAMENTO:RUA DAS PATATIVAS 535-COND CAROLINA VELAZQUEZ AP1302CEP:41720100 VL.PARTILHA PARA UF DE DESTINO: R$ 25,56.EM CASO DE DUVIDAS ACESSE:HTTPS://WWW.FILA.COM.BR/FALE-CONOSCO</infCpl>
        <obsCont xCampo="SEQUENCIA">
          <xTexto>23040267 PEDIDO:VF556920  QTD.TOTAL:3 REPRES:1001 Clie:41950</xTexto>
        </obsCont>
      </infAdic>
    </infNFe>
  </NFe>
  <protNFe versao="4.00">
    <infProt>
      <tpAmb>1</tpAmb>
      <verAplic>NFE.io</verAplic>
      <chNFe>42201181786121000102550010005758661376190266</chNFe>
      <dhRecbto>2020-11-25T10:27:05+00:00</dhRecbto>
      <nProt>342200191242309</nProt>
      <cStat>100</cStat>
      <xMotivo>Autorizado o uso da NF-e</xMotivo>
    </infProt>
  </protNFe>
</nfeProc>00:00</dhRecbto>
      <nProt>141200225800182</nProt>
      <digVal>Z48JdtNRq7Wu+RCb219lkddd4mM=</digVal>
      <cStat>100</cStat>
      <xMotivo>Autorizado o uso da NF-e</xMotivo>
    </infProt>
  </protNFe>
</nfeProc>          <vICMS>33.19</vICMS>
            </ICMS00>
          </ICMS>
          <IPI>
            <CNPJProd>00000000000000</CNPJProd>
            <cEnq>999</cEnq>
            <IPITrib>
              <CST>99</CST>
              <vBC>0.00</vBC>
              <pIPI>0.0000</pIPI>
              <vIPI>0.00</vIPI>
            </IPITrib>
          </IPI>
          <PIS>
            <PISAliq>
              <CST>01</CST>
              <vBC>474.19</vBC>
              <pPIS>1.6500</pPIS>
              <vPIS>7.82</vPIS>
            </PISAliq>
          </PIS>
          <COFINS>
            <COFINSAliq>
              <CST>01</CST>
              <vBC>474.19</vBC>
              <pCOFINS>7.6000</pCOFINS>
              <vCOFINS>36.04</vCOFINS>
            </COFINSAliq>
          </COFINS>
          <ICMSUFDest>
            <vBCUFDest>474.19</vBCUFDest>
            <vBCFCPUFDest>0.00</vBCFCPUFDest>
            <pFCPUFDest>0.0000</pFCPUFDest>
            <pICMSUFDest>18.0000</pICMSUFDest>
            <pICMSInter>7.00</pICMSInter>
            <pICMSInterPart>100.0000</pICMSInterPart>
            <vFCPUFDest>0.00</vFCPUFDest>
            <vICMSUFDest>52.16</vICMSUFDest>
            <vICMSUFRemet>0.00</vICMSUFRemet>
          </ICMSUFDest>
        </imposto>
        <infAdProd>;</infAdProd>
      </det>
      <total>
        <ICMSTot>
          <vBC>2719.25</vBC>
          <vICMS>190.34</vICMS>
          <vICMSDeson>0.00</vICMSDeson>
          <vFCPUFDest>0.00</vFCPUFDest>
          <vICMSUFDest>299.12</vICMSUFDest>
          <vICMSUFRemet>0.00</vICMSUFRemet>
          <vFCP>0.00</vFCP>
          <vBCST>0.00</vBCST>
          <vST>0.00</vST>
          <vFCPST>0.00</vFCPST>
          <vFCPSTRet>0.00</vFCPSTRet>
          <vProd>2289.20</vProd>
          <vFrete>430.05</vFrete>
          <vSeg>0.00</vSeg>
          <vDesc>0.00</vDesc>
          <vII>0.00</vII>
          <vIPI>0.00</vIPI>
          <vIPIDevol>0.00</vIPIDevol>
          <vPIS>44.87</vPIS>
          <vCOFINS>206.66</vCOFINS>
          <vOutro>0.00</vOutro>
          <vNF>2719.25</vNF>
          <vTotTrib>0.00</vTotTrib>
        </ICMSTot>
      </total>
      <transp>
        <modFrete>0</modFrete>
        <transporta>
          <CNPJ>19782476000150</CNPJ>
          <xNome>MANDAE</xNome>
          <IE>438329528116</IE>
          <UF>SP</UF>
        </transporta>
        <vol>
          <qVol>1</qVol>
          <nVol>1</nVol>
          <pesoL>38.650</pesoL>
          <pesoB>22.600</pesoB>
        </vol>
      </transp>
      <cobr>
        <fat>
          <nFat>1392027</nFat>
          <vOrig>2719.25</vOrig>
          <vLiq>2719.25</vLiq>
        </fat>
        <dup>
          <nDup>001</nDup>
          <dVenc>2020-12-01</dVenc>
          <vDup>2719.25</vDup>
        </dup>
      </cobr>
      <infAdic>
        <infAdFisco>; Informacao do ICMS Interestadual: ; Valor Total ICMS UF Destino: 299,12</infAdFisco>
      </infAdic>
    </infNFe>
  </NFe>
  <protNFe versao="4.00">
    <infProt>
      <tpAmb>1</tpAmb>
      <verAplic>NFE.io</verAplic>
      <chNFe>35201250223692000458550010013920271507410691</chNFe>
      <dhRecbto>2020-12-01T14:59:58+00:00</dhRecbto>
      <nProt>135201121881041</nProt>
      <digVal>ab1derq/2Z9waOESaOE9SVFzOxQ=</digVal>
      <cStat>100</cStat>
      <xMotivo>Autorizado o uso da NF-e</xMotivo>
    </infProt>
  </protNFe>
</nfeProc>S>3.59</vCOFINS>
            </COFINSAliq>
          </COFINS>
          <ICMSUFDest>
            <vBCUFDest>47.20</vBCUFDest>
            <vBCFCPUFDest>0.00</vBCFCPUFDest>
            <pFCPUFDest>0.0000</pFCPUFDest>
            <pICMSUFDest>18.0000</pICMSUFDest>
            <pICMSInter>7.00</pICMSInter>
            <pICMSInterPart>100.0000</pICMSInterPart>
            <vFCPUFDest>0.00</vFCPUFDest>
            <vICMSUFDest>5.19</vICMSUFDest>
            <vICMSUFRemet>0.00</vICMSUFRemet>
          </ICMSUFDest>
        </imposto>
      </det>
      <det nItem="8">
        <prod>
          <cProd>1819646</cProd>
          <cEAN>7909392119273</cEAN>
          <xProd>SHORT LUPO 41806-001 XG/XXG</xProd>
          <NCM>61046300</NCM>
          <CEST>2805900</CEST>
          <CFOP>6108</CFOP>
          <uCom>PC</uCom>
          <qCom>1.0000</qCom>
          <vUnCom>47.2000000000</vUnCom>
          <vProd>47.20</vProd>
          <cEANTrib>7909392119273</cEANTrib>
          <uTrib>PC</uTrib>
          <qTrib>1.0000</qTrib>
          <vUnTrib>47.2000000000</vUnTrib>
          <indTot>1</indTot>
        </prod>
        <imposto>
          <vTotTrib>10.48</vTotTrib>
          <ICMS>
            <ICMS00>
              <orig>0</orig>
              <CST>00</CST>
              <modBC>3</modBC>
              <vBC>47.20</vBC>
              <pICMS>7.0000</pICMS>
              <vICMS>3.31</vICMS>
            </ICMS00>
          </ICMS>
          <IPI>
            <cEnq>999</cEnq>
            <IPINT>
              <CST>53</CST>
            </IPINT>
          </IPI>
          <PIS>
            <PISAliq>
              <CST>01</CST>
              <vBC>47.20</vBC>
              <pPIS>1.6500</pPIS>
              <vPIS>0.78</vPIS>
            </PISAliq>
          </PIS>
          <COFINS>
            <COFINSAliq>
              <CST>01</CST>
              <vBC>47.20</vBC>
              <pCOFINS>7.6000</pCOFINS>
              <vCOFINS>3.59</vCOFINS>
            </COFINSAliq>
          </COFINS>
          <ICMSUFDest>
            <vBCUFDest>47.20</vBCUFDest>
            <vBCFCPUFDest>0.00</vBCFCPUFDest>
            <pFCPUFDest>0.0000</pFCPUFDest>
            <pICMSUFDest>18.0000</pICMSUFDest>
            <pICMSInter>7.00</pICMSInter>
            <pICMSInterPart>100.0000</pICMSInterPart>
            <vFCPUFDest>0.00</vFCPUFDest>
            <vICMSUFDest>5.19</vICMSUFDest>
            <vICMSUFRemet>0.00</vICMSUFRemet>
          </ICMSUFDest>
        </imposto>
      </det>
      <det nItem="9">
        <prod>
          <cProd>1819646</cProd>
          <cEAN>7909392252321</cEAN>
          <xProd>SHORT LUPO 41806-001 XG/XXG</xProd>
          <NCM>61046300</NCM>
          <CEST>2805900</CEST>
          <CFOP>6108</CFOP>
          <uCom>PC</uCom>
          <qCom>1.0000</qCom>
          <vUnCom>47.2000000000</vUnCom>
          <vProd>47.20</vProd>
          <cEANTrib>7909392252321</cEANTrib>
          <uTrib>PC</uTrib>
          <qTrib>1.0000</qTrib>
          <vUnTrib>47.2000000000</vUnTrib>
          <indTot>1</indTot>
        </prod>
        <imposto>
          <vTotTrib>10.48</vTotTrib>
          <ICMS>
            <ICMS00>
              <orig>0</orig>
              <CST>00</CST>
              <modBC>3</modBC>
              <vBC>47.20</vBC>
              <pICMS>7.0000</pICMS>
              <vICMS>3.30</vICMS>
            </ICMS00>
          </ICMS>
          <IPI>
            <cEnq>999</cEnq>
            <IPINT>
              <CST>53</CST>
            </IPINT>
          </IPI>
          <PIS>
            <PISAliq>
              <CST>01</CST>
              <vBC>47.20</vBC>
              <pPIS>1.6500</pPIS>
              <vPIS>0.78</vPIS>
            </PISAliq>
          </PIS>
          <COFINS>
            <COFINSAliq>
              <CST>01</CST>
              <vBC>47.20</vBC>
              <pCOFINS>7.6000</pCOFINS>
              <vCOFINS>3.59</vCOFINS>
            </COFINSAliq>
          </COFINS>
          <ICMSUFDest>
            <vBCUFDest>47.20</vBCUFDest>
            <vBCFCPUFDest>0.00</vBCFCPUFDest>
            <pFCPUFDest>0.0000</pFCPUFDest>
            <pICMSUFDest>18.0000</pICMSUFDest>
            <pICMSInter>7.00</pICMSInter>
            <pICMSInterPart>100.0000</pICMSInterPart>
            <vFCPUFDest>0.00</vFCPUFDest>
            <vICMSUFDest>5.19</vICMSUFDest>
            <vICMSUFRemet>0.00</vICMSUFRemet>
          </ICMSUFDest>
        </imposto>
      </det>
      <det nItem="10">
        <prod>
          <cProd>1818679</cProd>
          <cEAN>7891351439860</cEAN>
          <xProd>CALCINHA DEMILLUS 26826 P/XG</xProd>
          <NCM>61082200</NCM>
          <CEST>2805900</CEST>
          <CFOP>6108</CFOP>
          <uCom>PC</uCom>
          <qCom>1.0000</qCom>
          <vUnCom>16.9000000000</vUnCom>
          <vProd>16.90</vProd>
          <cEANTrib>7891351439860</cEANTrib>
          <uTrib>PC</uTrib>
          <qTrib>1.0000</qTrib>
          <vUnTrib>16.9000000000</vUnTrib>
          <indTot>1</indTot>
        </prod>
        <imposto>
          <vTotTrib>3.75</vTotTrib>
          <ICMS>
            <ICMS00>
              <orig>0</orig>
              <CST>00</CST>
              <modBC>3</modBC>
              <vBC>16.90</vBC>
              <pICMS>7.0000</pICMS>
              <vICMS>1.18</vICMS>
            </ICMS00>
          </ICMS>
          <IPI>
            <cEnq>999</cEnq>
            <IPINT>
              <CST>53</CST>
            </IPINT>
          </IPI>
          <PIS>
            <PISAliq>
              <CST>01</CST>
              <vBC>16.90</vBC>
              <pPIS>1.6500</pPIS>
              <vPIS>0.28</vPIS>
            </PISAliq>
          </PIS>
          <COFINS>
            <COFINSAliq>
              <CST>01</CST>
              <vBC>16.90</vBC>
              <pCOFINS>7.6000</pCOFINS>
              <vCOFINS>1.28</vCOFINS>
            </COFINSAliq>
          </COFINS>
          <ICMSUFDest>
            <vBCUFDest>16.90</vBCUFDest>
            <vBCFCPUFDest>0.00</vBCFCPUFDest>
            <pFCPUFDest>0.0000</pFCPUFDest>
            <pICMSUFDest>18.0000</pICMSUFDest>
            <pICMSInter>7.00</pICMSInter>
            <pICMSInterPart>100.0000</pICMSInterPart>
            <vFCPUFDest>0.00</vFCPUFDest>
            <vICMSUFDest>1.86</vICMSUFDest>
            <vICMSUFRemet>0.00</vICMSUFRemet>
          </ICMSUFDest>
        </imposto>
      </det>
      <det nItem="11">
        <prod>
          <cProd>1818679</cProd>
          <cEAN>7891351876368</cEAN>
          <xProd>CALCINHA DEMILLUS 26826 P/XG</xProd>
          <NCM>61082200</NCM>
          <CEST>2805900</CEST>
          <CFOP>6108</CFOP>
          <uCom>PC</uCom>
          <qCom>1.0000</qCom>
          <vUnCom>16.9000000000</vUnCom>
          <vProd>16.90</vProd>
          <cEANTrib>7891351876368</cEANTrib>
          <uTrib>PC</uTrib>
          <qTrib>1.0000</qTrib>
          <vUnTrib>16.9000000000</vUnTrib>
          <indTot>1</indTot>
        </prod>
        <imposto>
          <vTotTrib>3.75</vTotTrib>
          <ICMS>
            <ICMS00>
              <orig>0</orig>
              <CST>00</CST>
              <modBC>3</modBC>
              <vBC>16.90</vBC>
              <pICMS>7.0000</pICMS>
              <vICMS>1.18</vICMS>
            </ICMS00>
          </ICMS>
          <IPI>
            <cEnq>999</cEnq>
            <IPINT>
              <CST>53</CST>
            </IPINT>
          </IPI>
          <PIS>
            <PISAliq>
              <CST>01</CST>
              <vBC>16.90</vBC>
              <pPIS>1.6500</pPIS>
              <vPIS>0.28</vPIS>
            </PISAliq>
          </PIS>
          <COFINS>
            <COFINSAliq>
              <CST>01</CST>
              <vBC>16.90</vBC>
              <pCOFINS>7.6000</pCOFINS>
              <vCOFINS>1.29</vCOFINS>
            </COFINSAliq>
          </COFINS>
          <ICMSUFDest>
            <vBCUFDest>16.90</vBCUFDest>
            <vBCFCPUFDest>0.00</vBCFCPUFDest>
            <pFCPUFDest>0.0000</pFCPUFDest>
            <pICMSUFDest>18.0000</pICMSUFDest>
            <pICMSInter>7.00</pICMSInter>
            <pICMSInterPart>100.0000</pICMSInterPart>
            <vFCPUFDest>0.00</vFCPUFDest>
            <vICMSUFDest>1.86</vICMSUFDest>
            <vICMSUFRemet>0.00</vICMSUFRemet>
          </ICMSUFDest>
        </imposto>
      </det>
      <det nItem="12">
        <prod>
          <cProd>1818679</cProd>
          <cEAN>7891351439815</cEAN>
          <xProd>CALCINHA DEMILLUS 26826 P/XG</xProd>
          <NCM>61082200</NCM>
          <CEST>2805900</CEST>
          <CFOP>6108</CFOP>
          <uCom>PC</uCom>
          <qCom>1.0000</qCom>
          <vUnCom>16.9000000000</vUnCom>
          <vProd>16.90</vProd>
          <cEANTrib>7891351439815</cEANTrib>
          <uTrib>PC</uTrib>
          <qTrib>1.0000</qTrib>
          <vUnTrib>16.9000000000</vUnTrib>
          <indTot>1</indTot>
        </prod>
        <imposto>
          <vTotTrib>3.75</vTotTrib>
          <ICMS>
            <ICMS00>
              <orig>0</orig>
              <CST>00</CST>
              <modBC>3</modBC>
              <vBC>16.90</vBC>
              <pICMS>7.0000</pICMS>
              <vICMS>1.19</vICMS>
            </ICMS00>
          </ICMS>
          <IPI>
            <cEnq>999</cEnq>
            <IPINT>
              <CST>53</CST>
            </IPINT>
          </IPI>
          <PIS>
            <PISAliq>
              <CST>01</CST>
              <vBC>16.90</vBC>
              <pPIS>1.6500</pPIS>
              <vPIS>0.28</vPIS>
            </PISAliq>
          </PIS>
          <COFINS>
            <COFINSAliq>
              <CST>01</CST>
              <vBC>16.90</vBC>
              <pCOFINS>7.6000</pCOFINS>
              <vCOFINS>1.28</vCOFINS>
            </COFINSAliq>
          </COFINS>
          <ICMSUFDest>
            <vBCUFDest>16.90</vBCUFDest>
            <vBCFCPUFDest>0.00</vBCFCPUFDest>
            <pFCPUFDest>0.0000</pFCPUFDest>
            <pICMSUFDest>18.0000</pICMSUFDest>
            <pICMSInter>7.00</pICMSInter>
            <pICMSInterPart>100.0000</pICMSInterPart>
            <vFCPUFDest>0.00</vFCPUFDest>
            <vICMSUFDest>1.86</vICMSUFDest>
            <vICMSUFRemet>0.00</vICMSUFRemet>
          </ICMSUFDest>
        </imposto>
      </det>
      <det nItem="13">
        <prod>
          <cProd>0105682</cProd>
          <cEAN>7891186462606</cEAN>
          <xProd>MEIA-CALCA LOBA ARRASTAO 5095-001 UN/GG *</xProd>
          <NCM>61152200</NCM>
          <CEST>2805900</CEST>
          <CFOP>6108</CFOP>
          <uCom>PC</uCom>
          <qCom>1.0000</qCom>
          <vUnCom>29.9000000000</vUnCom>
          <vProd>29.90</vProd>
          <cEANTrib>7891186462606</cEANTrib>
          <uTrib>PC</uTrib>
          <qTrib>1.0000</qTrib>
          <vUnTrib>29.9000000000</vUnTrib>
          <indTot>1</indTot>
        </prod>
        <imposto>
          <vTotTrib>6.64</vTotTrib>
          <ICMS>
            <ICMS00>
              <orig>0</orig>
              <CST>00</CST>
              <modBC>3</modBC>
              <vBC>29.90</vBC>
              <pICMS>7.0000</pICMS>
              <vICMS>2.10</vICMS>
            </ICMS00>
          </ICMS>
          <IPI>
            <cEnq>999</cEnq>
            <IPINT>
              <CST>53</CST>
            </IPINT>
          </IPI>
          <PIS>
            <PISAliq>
              <CST>01</CST>
              <vBC>29.90</vBC>
              <pPIS>1.6500</pPIS>
              <vPIS>0.49</vPIS>
            </PISAliq>
          </PIS>
          <COFINS>
            <COFINSAliq>
              <CST>01</CST>
              <vBC>29.90</vBC>
              <pCOFINS>7.6000</pCOFINS>
              <vCOFINS>2.27</vCOFINS>
            </COFINSAliq>
          </COFINS>
          <ICMSUFDest>
            <vBCUFDest>29.90</vBCUFDest>
            <vBCFCPUFDest>0.00</vBCFCPUFDest>
            <pFCPUFDest>0.0000</pFCPUFDest>
            <pICMSUFDest>18.0000</pICMSUFDest>
            <pICMSInter>7.00</pICMSInter>
            <pICMSInterPart>100.0000</pICMSInterPart>
            <vFCPUFDest>0.00</vFCPUFDest>
            <vICMSUFDest>3.29</vICMSUFDest>
            <vICMSUFRemet>0.00</vICMSUFRemet>
          </ICMSUFDest>
        </imposto>
      </det>
      <det nItem="14">
        <prod>
          <cProd>1818679</cProd>
          <cEAN>7891351876412</cEAN>
          <xProd>CALCINHA DEMILLUS 26826 P/XG</xProd>
          <NCM>61082200</NCM>
          <CEST>2805900</CEST>
          <CFOP>6108</CFOP>
          <uCom>PC</uCom>
          <qCom>1.0000</qCom>
          <vUnCom>16.9000000000</vUnCom>
          <vProd>16.90</vProd>
          <cEANTrib>7891351876412</cEANTrib>
          <uTrib>PC</uTrib>
          <qTrib>1.0000</qTrib>
          <vUnTrib>16.9000000000</vUnTrib>
          <indTot>1</indTot>
        </prod>
        <imposto>
          <vTotTrib>3.75</vTotTrib>
          <ICMS>
            <ICMS00>
              <orig>0</orig>
              <CST>00</CST>
              <modBC>3</modBC>
              <vBC>16.90</vBC>
              <pICMS>7.0000</pICMS>
              <vICMS>1.18</vICMS>
            </ICMS00>
          </ICMS>
          <IPI>
            <cEnq>999</cEnq>
            <IPINT>
              <CST>53</CST>
            </IPINT>
          </IPI>
          <PIS>
            <PISAliq>
              <CST>01</CST>
              <vBC>16.90</vBC>
              <pPIS>1.6500</pPIS>
              <vPIS>0.28</vPIS>
            </PISAliq>
          </PIS>
          <COFINS>
            <COFINSAliq>
              <CST>01</CST>
              <vBC>16.90</vBC>
              <pCOFINS>7.6000</pCOFINS>
              <vCOFINS>1.28</vCOFINS>
            </COFINSAliq>
          </COFINS>
          <ICMSUFDest>
            <vBCUFDest>16.90</vBCUFDest>
            <vBCFCPUFDest>0.00</vBCFCPUFDest>
            <pFCPUFDest>0.0000</pFCPUFDest>
            <pICMSUFDest>18.0000</pICMSUFDest>
            <pICMSInter>7.00</pICMSInter>
            <pICMSInterPart>100.0000</pICMSInterPart>
            <vFCPUFDest>0.00</vFCPUFDest>
            <vICMSUFDest>1.86</vICMSUFDest>
            <vICMSUFRemet>0.00</vICMSUFRemet>
          </ICMSUFDest>
        </imposto>
      </det>
      <total>
        <ICMSTot>
          <vBC>364.50</vBC>
          <vICMS>25.52</vICMS>
          <vICMSDeson>0.00</vICMSDeson>
          <vFCPUFDest>0.00</vFCPUFDest>
          <vICMSUFDest>40.10</vICMSUFDest>
          <vICMSUFRemet>0.00</vICMSUFRemet>
          <vFCP>0.00</vFCP>
          <vBCST>0.00</vBCST>
          <vST>0.00</vST>
          <vFCPST>0.00</vFCPST>
          <vFCPSTRet>0.00</vFCPSTRet>
          <vProd>364.50</vProd>
          <vFrete>0.00</vFrete>
          <vSeg>0.00</vSeg>
          <vDesc>0.00</vDesc>
          <vII>0.00</vII>
          <vIPI>0.00</vIPI>
          <vIPIDevol>0.00</vIPIDevol>
          <vPIS>6.01</vPIS>
          <vCOFINS>27.70</vCOFINS>
          <vOutro>0.00</vOutro>
          <vNF>364.50</vNF>
          <vTotTrib>80.92</vTotTrib>
        </ICMSTot>
      </total>
      <transp>
        <modFrete>0</modFrete>
        <transporta>
          <CNPJ>19782476000150</CNPJ>
          <xNome>MANDAE</xNome>
          <IE>118671690112</IE>
          <xEnder>AVENIDA TORRES DE OLIVEIRA, 407</xEnder>
          <xMun>SAO PAULO</xMun>
          <UF>SP</UF>
        </transporta>
        <vol>
          <qVol>1</qVol>
          <esp>VOLUMES</esp>
          <nVol>1</nVol>
          <pesoL>0.847</pesoL>
          <pesoB>0.847</pesoB>
        </vol>
      </transp>
      <cobr>
        <fat>
          <nFat>4254145</nFat>
          <vOrig>364.50</vOrig>
          <vLiq>364.50</vLiq>
        </fat>
        <dup>
          <nDup>001</nDup>
          <dVenc>2020-12-28</dVenc>
          <vDup>72.90</vDup>
        </dup>
        <dup>
          <nDup>002</nDup>
          <dVenc>2021-01-26</dVenc>
          <vDup>72.90</vDup>
        </dup>
        <dup>
          <nDup>003</nDup>
          <dVenc>2021-02-25</dVenc>
          <vDup>72.90</vDup>
        </dup>
        <dup>
          <nDup>004</nDup>
          <dVenc>2021-03-29</dVenc>
          <vDup>72.90</vDup>
        </dup>
        <dup>
          <nDup>005</nDup>
          <dVenc>2021-04-26</dVenc>
          <vDup>72.90</vDup>
        </dup>
      </cobr>
      <pag>
        <detPag>
          <tPag>03</tPag>
          <vPag>72.90</vPag>
        </detPag>
        <detPag>
          <tPag>03</tPag>
          <vPag>72.90</vPag>
        </detPag>
        <detPag>
          <tPag>03</tPag>
          <vPag>72.90</vPag>
        </detPag>
        <detPag>
          <tPag>03</tPag>
          <vPag>72.90</vPag>
        </detPag>
        <detPag>
          <tPag>03</tPag>
          <vPag>72.90</vPag>
        </detPag>
      </pag>
      <pag>
        <detPag>
          <tPag>03</tPag>
          <vPag>72.90</vPag>
        </detPag>
        <detPag>
          <tPag>03</tPag>
          <vPag>72.90</vPag>
        </detPag>
        <detPag>
          <tPag>03</tPag>
          <vPag>72.90</vPag>
        </detPag>
        <detPag>
          <tPag>03</tPag>
          <vPag>72.90</vPag>
        </detPag>
        <detPag>
          <tPag>03</tPag>
          <vPag>72.90</vPag>
        </detPag>
      </pag>
      <pag>
        <detPag>
          <tPag>03</tPag>
          <vPag>72.90</vPag>
        </detPag>
        <detPag>
          <tPag>03</tPag>
          <vPag>72.90</vPag>
        </detPag>
        <detPag>
          <tPag>03</tPag>
          <vPag>72.90</vPag>
        </detPag>
        <detPag>
          <tPag>03</tPag>
          <vPag>72.90</vPag>
        </detPag>
        <detPag>
          <tPag>03</tPag>
          <vPag>72.90</vPag>
        </detPag>
      </pag>
      <pag>
        <detPag>
          <tPag>03</tPag>
          <vPag>72.90</vPag>
        </detPag>
        <detPag>
          <tPag>03</tPag>
          <vPag>72.90</vPag>
        </detPag>
        <detPag>
          <tPag>03</tPag>
          <vPag>72.90</vPag>
        </detPag>
        <detPag>
          <tPag>03</tPag>
          <vPag>72.90</vPag>
        </detPag>
        <detPag>
          <tPag>03</tPag>
          <vPag>72.90</vPag>
        </detPag>
      </pag>
      <pag>
        <detPag>
          <tPag>03</tPag>
          <vPag>72.90</vPag>
        </detPag>
        <detPag>
          <tPag>03</tPag>
          <vPag>72.90</vPag>
        </detPag>
        <detPag>
          <tPag>03</tPag>
          <vPag>72.90</vPag>
        </detPag>
        <detPag>
          <tPag>03</tPag>
          <vPag>72.90</vPag>
        </detPag>
        <detPag>
          <tPag>03</tPag>
          <vPag>72.90</vPag>
        </detPag>
      </pag>
      <infAdic>
        <infCpl>NUMERO DO PEDIDO:VA-1018500----RUA SILVEIRA MARTINS, 2873 - CABULA, 2873 - CONDOMINIO ALLEGRI CABULA APT ---- CABULA---- SALVADOR----BA----41150000        IMPOSTOS PAGOS (FEDERAL  R$ 15.32, ESTADUAL  R$ 65.60, TOTAL R$ 80.92)       FONTE: IBPT/EMPRESOMETRO.COM.BR  VERSAO: 20.1.A  CHAVE: 6A098E|TOTAL DO ICMS INTERESTADUAL PARA A UF DO DESTINATARIO: 40.10|TOTAL DO ICMS INTERESTADUAL PARA A UF DO REMETENTE: 0.00</infCpl>
      </infAdic>
    </infNFe>
  </NFe>
  <protNFe versao="4.00">
    <infProt>
      <tpAmb>1</tpAmb>
      <verAplic>NFE.io</verAplic>
      <chNFe>35201162262746000201550010042541451183683041</chNFe>
      <dhRecbto>2020-11-27T15:48:34+00:00</dhRecbto>
      <nProt>135201102544200</nProt>
      <digVal>o9eEK9FSYxzXCNqWR4tUdOBPqxU=</digVal>
      <cStat>100</cStat>
      <xMotivo>Autorizado o uso da NF-e</xMotivo>
    </infProt>
  </protNFe>
</nfeProc>nFat>
          <vOrig>244.37</vOrig>
          <vLiq>244.37</vLiq>
        </fat>
        <dup>
          <nDup>001</nDup>
          <dVenc>2020-11-27</dVenc>
          <vDup>244.37</vDup>
        </dup>
      </cobr>
      <pag>
        <detPag>
          <tPag>03</tPag>
          <vPag>244.37</vPag>
        </detPag>
      </pag>
      <infAdic>
        <infCpl>Total aproximado de tributos: R$ 55,12 (22,56%)  Federais R$ 20,77 (8,50%)  Estaduais R$ 34,39 (14,07%) . Fonte IBPT.&lt;br /&gt;Valor do ICMS DIFAL para UF de destino R$ 26,89&lt;br /&gt;Endereco de entrega: Dhiulho Goncalves Goncalves, Rua Sidrack Carvalho, N 80, Bairro centro, Santa Cruz Cabralia - BA, 45.807-000&lt;br /&gt;N Pedido Loja: 834077&lt;br /&gt;</infCpl>
      </infAdic>
    </infNFe>
  </NFe>
  <protNFe versao="4.00">
    <infProt>
      <tpAmb>1</tpAmb>
      <verAplic>NFE.io</verAplic>
      <chNFe>35201132952310000100550010000504291279097649</chNFe>
      <dhRecbto>2020-11-27T16:09:45+00:00</dhRecbto>
      <nProt>135201102710483</nProt>
      <digVal>j6HTqemoZHgEy39Au38bPUI+3GE=</digVal>
      <cStat>100</cStat>
      <xMotivo>Autorizado o uso da NF-e</xMotivo>
    </infProt>
  </protNFe>
</nfeProc>UCY ANDRADE, Rua Fonte da Bela VIsta, N 19, Terceira travessa, Bairro Cajueiro, Santo Antonio de Jesus - BA, 44.430-566&lt;br /&gt;N Pedido Loja: 813553&lt;br /&gt;</infCpl>
      </infAdic>
    </infNFe>
  </NFe>
  <protNFe versao="4.00">
    <infProt>
      <tpAmb>1</tpAmb>
      <verAplic>NFE.io</verAplic>
      <chNFe>35201132952310000100550010000487071594766812</chNFe>
      <dhRecbto>2020-11-23T14:29:26+00:00</dhRecbto>
      <nProt>135201078346770</nProt>
      <digVal>CXT3QXvsL8Nd2XXyi5CKkBHoqRo=</digVal>
      <cStat>100</cStat>
      <xMotivo>Autorizado o uso da NF-e</xMotivo>
    </infProt>
  </protNFe>
</nfeProc>  <indTot>1</indTot>
          <xPed>8184872</xPed>
          <nItemPed>18</nItemPed>
        </prod>
        <imposto>
          <ICMS>
            <ICMS00>
              <orig>0</orig>
              <CST>00</CST>
              <modBC>3</modBC>
              <vBC>38.88</vBC>
              <pICMS>7.0000</pICMS>
              <vICMS>2.72</vICMS>
            </ICMS00>
          </ICMS>
          <IPI>
            <cEnq>999</cEnq>
            <IPINT>
              <CST>53</CST>
            </IPINT>
          </IPI>
          <PIS>
            <PISAliq>
              <CST>01</CST>
              <vBC>38.88</vBC>
              <pPIS>1.6500</pPIS>
              <vPIS>0.64</vPIS>
            </PISAliq>
          </PIS>
          <COFINS>
            <COFINSAliq>
              <CST>01</CST>
              <vBC>38.88</vBC>
              <pCOFINS>7.6000</pCOFINS>
              <vCOFINS>2.95</vCOFINS>
            </COFINSAliq>
          </COFINS>
          <ICMSUFDest>
            <vBCUFDest>38.88</vBCUFDest>
            <vBCFCPUFDest>0.00</vBCFCPUFDest>
            <pFCPUFDest>0.0000</pFCPUFDest>
            <pICMSUFDest>18.0000</pICMSUFDest>
            <pICMSInter>7.00</pICMSInter>
            <pICMSInterPart>100.0000</pICMSInterPart>
            <vFCPUFDest>0.00</vFCPUFDest>
            <vICMSUFDest>4.28</vICMSUFDest>
            <vICMSUFRemet>0.00</vICMSUFRemet>
          </ICMSUFDest>
        </imposto>
      </det>
      <det nItem="19">
        <prod>
          <cProd>926751</cProd>
          <cEAN>SEM GTIN</cEAN>
          <xProd>CHICOTE MOTO 792 SACCH</xProd>
          <NCM>84799090</NCM>
          <CFOP>6108</CFOP>
          <uCom>UN</uCom>
          <qCom>1.0000</qCom>
          <vUnCom>59.9000000000</vUnCom>
          <vProd>59.90</vProd>
          <cEANTrib>SEM GTIN</cEANTrib>
          <uTrib>UN</uTrib>
          <qTrib>1.0000</qTrib>
          <vUnTrib>59.9000000000</vUnTrib>
          <vFrete>1.89</vFrete>
          <indTot>1</indTot>
          <xPed>8184872</xPed>
          <nItemPed>19</nItemPed>
        </prod>
        <imposto>
          <ICMS>
            <ICMS00>
              <orig>0</orig>
              <CST>00</CST>
              <modBC>3</modBC>
              <vBC>61.79</vBC>
              <pICMS>7.0000</pICMS>
              <vICMS>4.33</vICMS>
            </ICMS00>
          </ICMS>
          <IPI>
            <cEnq>999</cEnq>
            <IPINT>
              <CST>53</CST>
            </IPINT>
          </IPI>
          <PIS>
            <PISAliq>
              <CST>01</CST>
              <vBC>61.79</vBC>
              <pPIS>1.6500</pPIS>
              <vPIS>1.02</vPIS>
            </PISAliq>
          </PIS>
          <COFINS>
            <COFINSAliq>
              <CST>01</CST>
              <vBC>61.79</vBC>
              <pCOFINS>7.6000</pCOFINS>
              <vCOFINS>4.70</vCOFINS>
            </COFINSAliq>
          </COFINS>
          <ICMSUFDest>
            <vBCUFDest>61.79</vBCUFDest>
            <vBCFCPUFDest>0.00</vBCFCPUFDest>
            <pFCPUFDest>0.0000</pFCPUFDest>
            <pICMSUFDest>18.0000</pICMSUFDest>
            <pICMSInter>7.00</pICMSInter>
            <pICMSInterPart>100.0000</pICMSInterPart>
            <vFCPUFDest>0.00</vFCPUFDest>
            <vICMSUFDest>6.79</vICMSUFDest>
            <vICMSUFRemet>0.00</vICMSUFRemet>
          </ICMSUFDest>
        </imposto>
      </det>
      <det nItem="20">
        <prod>
          <cProd>927844</cProd>
          <cEAN>SEM GTIN</cEAN>
          <xProd>KIT MANGUEIRAS P/TESTE DA BOMBA ELETRICA ST-AM 17 SUPERTESTE EQUIPAME</xProd>
          <NCM>90262010</NCM>
          <CFOP>6108</CFOP>
          <uCom>UN</uCom>
          <qCom>1.0000</qCom>
          <vUnCom>269.9000000000</vUnCom>
          <vProd>269.90</vProd>
          <cEANTrib>SEM GTIN</cEANTrib>
          <uTrib>UN</uTrib>
          <qTrib>1.0000</qTrib>
          <vUnTrib>269.9000000000</vUnTrib>
          <vFrete>4.31</vFrete>
          <indTot>1</indTot>
          <xPed>8184872</xPed>
          <nItemPed>20</nItemPed>
        </prod>
        <imposto>
          <ICMS>
            <ICMS00>
              <orig>0</orig>
              <CST>00</CST>
              <modBC>3</modBC>
              <vBC>274.21</vBC>
              <pICMS>7.0000</pICMS>
              <vICMS>19.19</vICMS>
            </ICMS00>
          </ICMS>
          <IPI>
            <cEnq>999</cEnq>
            <IPINT>
              <CST>53</CST>
            </IPINT>
          </IPI>
          <PIS>
            <PISAliq>
              <CST>01</CST>
              <vBC>274.21</vBC>
              <pPIS>1.6500</pPIS>
              <vPIS>4.52</vPIS>
            </PISAliq>
          </PIS>
          <COFINS>
            <COFINSAliq>
              <CST>01</CST>
              <vBC>274.21</vBC>
              <pCOFINS>7.6000</pCOFINS>
              <vCOFINS>20.84</vCOFINS>
            </COFINSAliq>
          </COFINS>
          <ICMSUFDest>
            <vBCUFDest>274.21</vBCUFDest>
            <vBCFCPUFDest>0.00</vBCFCPUFDest>
            <pFCPUFDest>0.0000</pFCPUFDest>
            <pICMSUFDest>18.0000</pICMSUFDest>
            <pICMSInter>7.00</pICMSInter>
            <pICMSInterPart>100.0000</pICMSInterPart>
            <vFCPUFDest>0.00</vFCPUFDest>
            <vICMSUFDest>30.17</vICMSUFDest>
            <vICMSUFRemet>0.00</vICMSUFRemet>
          </ICMSUFDest>
        </imposto>
      </det>
      <det nItem="21">
        <prod>
          <cProd>1180930</cProd>
          <cEAN>7895315006860</cEAN>
          <xProd>ALIC BOMBA D AGUA C/CANALETA 10 PROF 8BF EDA</xProd>
          <NCM>82032010</NCM>
          <CFOP>6108</CFOP>
          <uCom>UN</uCom>
          <qCom>1.0000</qCom>
          <vUnCom>21.9000000000</vUnCom>
          <vProd>21.90</vProd>
          <cEANTrib>7895315006860</cEANTrib>
          <uTrib>UN</uTrib>
          <qTrib>1.0000</qTrib>
          <vUnTrib>21.9000000000</vUnTrib>
          <vFrete>1.99</vFrete>
          <indTot>1</indTot>
          <xPed>8184872</xPed>
          <nItemPed>21</nItemPed>
        </prod>
        <imposto>
          <ICMS>
            <ICMS00>
              <orig>2</orig>
              <CST>00</CST>
              <modBC>3</modBC>
              <vBC>23.89</vBC>
              <pICMS>4.0000</pICMS>
              <vICMS>0.96</vICMS>
            </ICMS00>
          </ICMS>
          <IPI>
            <cEnq>999</cEnq>
            <IPINT>
              <CST>53</CST>
            </IPINT>
          </IPI>
          <PIS>
            <PISAliq>
              <CST>01</CST>
              <vBC>23.89</vBC>
              <pPIS>1.6500</pPIS>
              <vPIS>0.39</vPIS>
            </PISAliq>
          </PIS>
          <COFINS>
            <COFINSAliq>
              <CST>01</CST>
              <vBC>23.89</vBC>
              <pCOFINS>7.6000</pCOFINS>
              <vCOFINS>1.82</vCOFINS>
            </COFINSAliq>
          </COFINS>
          <ICMSUFDest>
            <vBCUFDest>23.89</vBCUFDest>
            <vBCFCPUFDest>0.00</vBCFCPUFDest>
            <pFCPUFDest>0.0000</pFCPUFDest>
            <pICMSUFDest>18.0000</pICMSUFDest>
            <pICMSInter>4.00</pICMSInter>
            <pICMSInterPart>100.0000</pICMSInterPart>
            <vFCPUFDest>0.00</vFCPUFDest>
            <vICMSUFDest>3.34</vICMSUFDest>
            <vICMSUFRemet>0.00</vICMSUFRemet>
          </ICMSUFDest>
        </imposto>
      </det>
      <total>
        <ICMSTot>
          <vBC>1677.24</vBC>
          <vICMS>88.48</vICMS>
          <vICMSDeson>0.00</vICMSDeson>
          <vFCPUFDest>0.00</vFCPUFDest>
          <vICMSUFDest>213.41</vICMSUFDest>
          <vICMSUFRemet>0.00</vICMSUFRemet>
          <vFCP>0.00</vFCP>
          <vBCST>0.00</vBCST>
          <vST>0.00</vST>
          <vFCPST>0.00</vFCPST>
          <vFCPSTRet>0.00</vFCPSTRet>
          <vProd>1591.41</vProd>
          <vFrete>85.83</vFrete>
          <vSeg>0.00</vSeg>
          <vDesc>0.00</vDesc>
          <vII>0.00</vII>
          <vIPI>0.00</vIPI>
          <vIPIDevol>0.00</vIPIDevol>
          <vPIS>27.64</vPIS>
          <vCOFINS>127.47</vCOFINS>
          <vOutro>0.00</vOutro>
          <vNF>1677.24</vNF>
          <vTotTrib>0.00</vTotTrib>
        </ICMSTot>
      </total>
      <transp>
        <modFrete>0</modFrete>
        <transporta>
          <CNPJ>29761819000153</CNPJ>
          <xNome>NT LOGISTICA LTDA</xNome>
          <IE>712132534112</IE>
          <xEnder>AVENIDA MARGINAL RIO JUNDIAI</xEnder>
          <xMun>VARZEA PAULISTA</xMun>
          <UF>SP</UF>
        </transporta>
        <vol>
          <qVol>1</qVol>
          <esp>VOLS</esp>
          <pesoL>15.910</pesoL>
          <pesoB>15.910</pesoB>
        </vol>
      </transp>
      <cobr>
        <fat>
          <nFat>196970</nFat>
          <vOrig>1677.24</vOrig>
          <vLiq>1677.24</vLiq>
        </fat>
      </cobr>
      <pag>
        <detPag>
          <tPag>03</tPag>
          <vPag>1677.24</vPag>
        </detPag>
      </pag>
      <infAdic>
        <infCpl>PEDIDO DO CLIENTE= 8184872 VALOR APROXIMADO DOS TRIBUTOS= 190.32-FONTE= IBPT.(CONF.LEI 12.741/2012) BASE CALC.RED.CONF.CONV.52/91--VALOR BASE ICMS DESTINO= 1677.24--ALIQ.ICMS DESTINO= 378--VALOR DO ICMS DESTINO= 213.41--PERC DA PARTILHA= 100--ALIQ.FCOP=--VALOR FCOP=--</infCpl>
        <obsCont xCampo="SiglaERP">
          <xTexto>BSELLER</xTexto>
        </obsCont>
      </infAdic>
    </infNFe>
  </NFe>
  <protNFe versao="4.00">
    <infProt>
      <tpAmb>1</tpAmb>
      <verAplic>NFE.io</verAplic>
      <chNFe>35201129302348000387550040001969701747914310</chNFe>
      <dhRecbto>2020-11-25T11:25:53+00:00</dhRecbto>
      <nProt>135201088896120</nProt>
      <digVal>5yc3+Fuzq95OPwoZ5qlFJFExx3w=</digVal>
      <cStat>100</cStat>
      <xMotivo>Autorizado o uso da NF-e</xMotivo>
    </infProt>
  </protNFe>
</nfeProc>t>
            <vICMSUFRemet>0.00</vICMSUFRemet>
          </ICMSUFDest>
        </imposto>
        <infAdProd>CEST: 20.015.00 Val. Aprox. dos Tributos: RS 4,28 ( 38,45 % ) Fonte:IBPT</infAdProd>
      </det>
      <det nItem="23">
        <prod>
          <cProd>7898639790620</cProd>
          <cEAN>7898639790620</cEAN>
          <xProd>BOTOX CHUVEIRO MONA &amp; LISA 50G RETRO</xProd>
          <NCM>33049990</NCM>
          <CEST>2800900</CEST>
          <CFOP>6108</CFOP>
          <uCom>PC</uCom>
          <qCom>2.0000</qCom>
          <vUnCom>4.9900000000</vUnCom>
          <vProd>9.98</vProd>
          <cEANTrib>7898639790620</cEANTrib>
          <uTrib>PC</uTrib>
          <qTrib>2.0000</qTrib>
          <vUnTrib>4.9900000000</vUnTrib>
          <vDesc>0.70</vDesc>
          <indTot>1</indTot>
        </prod>
        <imposto>
          <vTotTrib>5.24</vTotTrib>
          <ICMS>
            <ICMSSN102>
              <orig>0</orig>
              <CSOSN>102</CSOSN>
            </ICMSSN102>
          </ICMS>
          <IPI>
            <cEnq>999</cEnq>
            <IPINT>
              <CST>53</CST>
            </IPINT>
          </IPI>
          <PIS>
            <PISOutr>
              <CST>99</CST>
              <vBC>0.00</vBC>
              <pPIS>0.0000</pPIS>
              <vPIS>0.00</vPIS>
            </PISOutr>
          </PIS>
          <COFINS>
            <COFINSOutr>
              <CST>99</CST>
              <vBC>0.00</vBC>
              <pCOFINS>0.0000</pCOFINS>
              <vCOFINS>0.00</vCOFINS>
            </COFINSOutr>
          </COFINS>
          <ICMSUFDest>
            <vBCUFDest>0.00</vBCUFDest>
            <vBCFCPUFDest>0.00</vBCFCPUFDest>
            <pFCPUFDest>0.0000</pFCPUFDest>
            <pICMSUFDest>0.0000</pICMSUFDest>
            <pICMSInter>7.00</pICMSInter>
            <pICMSInterPart>100.0000</pICMSInterPart>
            <vFCPUFDest>0.00</vFCPUFDest>
            <vICMSUFDest>0.00</vICMSUFDest>
            <vICMSUFRemet>0.00</vICMSUFRemet>
          </ICMSUFDest>
        </imposto>
        <infAdProd>CEST: 28.009.00 Val. Aprox. dos Tributos: RS 5,24 ( 56,48 % ) Fonte:IBPT</infAdProd>
      </det>
      <det nItem="24">
        <prod>
          <cProd>7893590305456</cProd>
          <cEAN>7893590305456</cEAN>
          <xProd>MASCARA FACIAL 001 A 007 SP COLORS</xProd>
          <NCM>33049990</NCM>
          <CEST>2001500</CEST>
          <CFOP>6108</CFOP>
          <uCom>PC</uCom>
          <qCom>2.0000</qCom>
          <vUnCom>3.9900000000</vUnCom>
          <vProd>7.98</vProd>
          <cEANTrib>7893590305456</cEANTrib>
          <uTrib>PC</uTrib>
          <qTrib>2.0000</qTrib>
          <vUnTrib>3.9900000000</vUnTrib>
          <vDesc>0.56</vDesc>
          <indTot>1</indTot>
        </prod>
        <imposto>
          <vTotTrib>5.47</vTotTrib>
          <ICMS>
            <ICMSSN102>
              <orig>2</orig>
              <CSOSN>102</CSOSN>
            </ICMSSN102>
          </ICMS>
          <IPI>
            <cEnq>999</cEnq>
            <IPITrib>
              <CST>99</CST>
              <vBC>0.00</vBC>
              <pIPI>0.0000</pIPI>
              <vIPI>0.00</vIPI>
            </IPITrib>
          </IPI>
          <PIS>
            <PISOutr>
              <CST>99</CST>
              <vBC>0.00</vBC>
              <pPIS>0.0000</pPIS>
              <vPIS>0.00</vPIS>
            </PISOutr>
          </PIS>
          <COFINS>
            <COFINSOutr>
              <CST>99</CST>
              <vBC>0.00</vBC>
              <pCOFINS>0.0000</pCOFINS>
              <vCOFINS>0.00</vCOFINS>
            </COFINSOutr>
          </COFINS>
          <ICMSUFDest>
            <vBCUFDest>0.00</vBCUFDest>
            <vBCFCPUFDest>0.00</vBCFCPUFDest>
            <pFCPUFDest>0.0000</pFCPUFDest>
            <pICMSUFDest>0.0000</pICMSUFDest>
            <pICMSInter>4.00</pICMSInter>
            <pICMSInterPart>100.0000</pICMSInterPart>
            <vFCPUFDest>0.00</vFCPUFDest>
            <vICMSUFDest>0.00</vICMSUFDest>
            <vICMSUFRemet>0.00</vICMSUFRemet>
          </ICMSUFDest>
        </imposto>
        <infAdProd>CEST: 20.015.00 Val. Aprox. dos Tributos: RS 5,47 ( 73,73 % ) Fonte:IBPT</infAdProd>
      </det>
      <det nItem="25">
        <prod>
          <cProd>MAC283</cProd>
          <cEAN>SEM GTIN</cEAN>
          <xProd>KIT ESPONJAS 282/283 MEILYS C/2</xProd>
          <NCM>96162000</NCM>
          <CEST>2006100</CEST>
          <CFOP>6108</CFOP>
          <uCom>CT</uCom>
          <qCom>1.0000</qCom>
          <vUnCom>3.4000000000</vUnCom>
          <vProd>3.40</vProd>
          <cEANTrib>SEM GTIN</cEANTrib>
          <uTrib>CT</uTrib>
          <qTrib>1.0000</qTrib>
          <vUnTrib>3.4000000000</vUnTrib>
          <vDesc>0.24</vDesc>
          <indTot>1</indTot>
        </prod>
        <imposto>
          <vTotTrib>1.25</vTotTrib>
          <ICMS>
            <ICMSSN102>
              <orig>2</orig>
              <CSOSN>102</CSOSN>
            </ICMSSN102>
          </ICMS>
          <IPI>
            <cEnq>999</cEnq>
            <IPITrib>
              <CST>99</CST>
              <vBC>0.00</vBC>
              <pIPI>0.0000</pIPI>
              <vIPI>0.00</vIPI>
            </IPITrib>
          </IPI>
          <PIS>
            <PISOutr>
              <CST>99</CST>
              <vBC>0.00</vBC>
              <pPIS>0.0000</pPIS>
              <vPIS>0.00</vPIS>
            </PISOutr>
          </PIS>
          <COFINS>
            <COFINSOutr>
              <CST>99</CST>
              <vBC>0.00</vBC>
              <pCOFINS>0.0000</pCOFINS>
              <vCOFINS>0.00</vCOFINS>
            </COFINSOutr>
          </COFINS>
          <ICMSUFDest>
            <vBCUFDest>0.00</vBCUFDest>
            <vBCFCPUFDest>0.00</vBCFCPUFDest>
            <pFCPUFDest>0.0000</pFCPUFDest>
            <pICMSUFDest>0.0000</pICMSUFDest>
            <pICMSInter>4.00</pICMSInter>
            <pICMSInterPart>100.0000</pICMSInterPart>
            <vFCPUFDest>0.00</vFCPUFDest>
            <vICMSUFDest>0.00</vICMSUFDest>
            <vICMSUFRemet>0.00</vICMSUFRemet>
          </ICMSUFDest>
        </imposto>
        <infAdProd>CEST: 20.061.00 Val. Aprox. dos Tributos: RS 1,25 ( 39,45 % ) Fonte:IBPT</infAdProd>
      </det>
      <det nItem="26">
        <prod>
          <cProd>DP2039</cProd>
          <cEAN>SEM GTIN</cEAN>
          <xProd>LIP OIL HIDRATANTE 2039 DAPOP</xProd>
          <NCM>33041000</NCM>
          <CEST>2000900</CEST>
          <CFOP>6108</CFOP>
          <uCom>PC</uCom>
          <qCom>1.0000</qCom>
          <vUnCom>3.4900000000</vUnCom>
          <vProd>3.49</vProd>
          <cEANTrib>SEM GTIN</cEANTrib>
          <uTrib>PC</uTrib>
          <qTrib>1.0000</qTrib>
          <vUnTrib>3.4900000000</vUnTrib>
          <vDesc>0.24</vDesc>
          <indTot>1</indTot>
        </prod>
        <imposto>
          <vTotTrib>1.84</vTotTrib>
          <ICMS>
            <ICMSSN102>
              <orig>0</orig>
              <CSOSN>102</CSOSN>
            </ICMSSN102>
          </ICMS>
          <IPI>
            <cEnq>999</cEnq>
            <IPINT>
              <CST>53</CST>
            </IPINT>
          </IPI>
          <PIS>
            <PISOutr>
              <CST>99</CST>
              <vBC>0.00</vBC>
              <pPIS>0.0000</pPIS>
              <vPIS>0.00</vPIS>
            </PISOutr>
          </PIS>
          <COFINS>
            <COFINSOutr>
              <CST>99</CST>
              <vBC>0.00</vBC>
              <pCOFINS>0.0000</pCOFINS>
              <vCOFINS>0.00</vCOFINS>
            </COFINSOutr>
          </COFINS>
          <ICMSUFDest>
            <vBCUFDest>0.00</vBCUFDest>
            <vBCFCPUFDest>0.00</vBCFCPUFDest>
            <pFCPUFDest>0.0000</pFCPUFDest>
            <pICMSUFDest>0.0000</pICMSUFDest>
            <pICMSInter>7.00</pICMSInter>
            <pICMSInterPart>100.0000</pICMSInterPart>
            <vFCPUFDest>0.00</vFCPUFDest>
            <vICMSUFDest>0.00</vICMSUFDest>
            <vICMSUFRemet>0.00</vICMSUFRemet>
          </ICMSUFDest>
        </imposto>
        <infAdProd>CEST: 20.009.00 Val. Aprox. dos Tributos: RS 1,84 ( 56,48 % ) Fonte:IBPT</infAdProd>
      </det>
      <det nItem="27">
        <prod>
          <cProd>FZ58005</cProd>
          <cEAN>SEM GTIN</cEAN>
          <xProd>SERUM FACIAL COCONUT 58005 FENZZA</xProd>
          <NCM>33049990</NCM>
          <CEST>2001500</CEST>
          <CFOP>6108</CFOP>
          <uCom>PC</uCom>
          <qCom>1.0000</qCom>
          <vUnCom>3.7000000000</vUnCom>
          <vProd>3.70</vProd>
          <cEANTrib>SEM GTIN</cEANTrib>
          <uTrib>PC</uTrib>
          <qTrib>1.0000</qTrib>
          <vUnTrib>3.7000000000</vUnTrib>
          <vDesc>0.26</vDesc>
          <indTot>1</indTot>
        </prod>
        <imposto>
          <vTotTrib>1.94</vTotTrib>
          <ICMS>
            <ICMSSN102>
              <orig>0</orig>
              <CSOSN>102</CSOSN>
            </ICMSSN102>
          </ICMS>
          <IPI>
            <cEnq>999</cEnq>
            <IPINT>
              <CST>53</CST>
            </IPINT>
          </IPI>
          <PIS>
            <PISOutr>
              <CST>99</CST>
              <vBC>0.00</vBC>
              <pPIS>0.0000</pPIS>
              <vPIS>0.00</vPIS>
            </PISOutr>
          </PIS>
          <COFINS>
            <COFINSOutr>
              <CST>99</CST>
              <vBC>0.00</vBC>
              <pCOFINS>0.0000</pCOFINS>
              <vCOFINS>0.00</vCOFINS>
            </COFINSOutr>
          </COFINS>
          <ICMSUFDest>
            <vBCUFDest>0.00</vBCUFDest>
            <vBCFCPUFDest>0.00</vBCFCPUFDest>
            <pFCPUFDest>0.0000</pFCPUFDest>
            <pICMSUFDest>0.0000</pICMSUFDest>
            <pICMSInter>7.00</pICMSInter>
            <pICMSInterPart>100.0000</pICMSInterPart>
            <vFCPUFDest>0.00</vFCPUFDest>
            <vICMSUFDest>0.00</vICMSUFDest>
            <vICMSUFRemet>0.00</vICMSUFRemet>
          </ICMSUFDest>
        </imposto>
        <infAdProd>CEST: 20.015.00 Val. Aprox. dos Tributos: RS 1,94 ( 56,48 % ) Fonte:IBPT</infAdProd>
      </det>
      <det nItem="28">
        <prod>
          <cProd>HB94740</cProd>
          <cEAN>7899956807909</cEAN>
          <xProd>LAPIS PRETO 94740 PLAYBOY C/12</xProd>
          <NCM>33042010</NCM>
          <CEST>2001000</CEST>
          <CFOP>6108</CFOP>
          <uCom>DZ</uCom>
          <qCom>1.0000</qCom>
          <vUnCom>16.9900000000</vUnCom>
          <vProd>16.99</vProd>
          <cEANTrib>7899956807909</cEANTrib>
          <uTrib>DZ</uTrib>
          <qTrib>1.0000</qTrib>
          <vUnTrib>16.9900000000</vUnTrib>
          <vDesc>1.19</vDesc>
          <indTot>1</indTot>
        </prod>
        <imposto>
          <vTotTrib>11.65</vTotTrib>
          <ICMS>
            <ICMSSN102>
              <orig>2</orig>
              <CSOSN>102</CSOSN>
            </ICMSSN102>
          </ICMS>
          <IPI>
            <cEnq>999</cEnq>
            <IPITrib>
              <CST>99</CST>
              <vBC>0.00</vBC>
              <pIPI>0.0000</pIPI>
              <vIPI>0.00</vIPI>
            </IPITrib>
          </IPI>
          <PIS>
            <PISOutr>
              <CST>99</CST>
              <vBC>0.00</vBC>
              <pPIS>0.0000</pPIS>
              <vPIS>0.00</vPIS>
            </PISOutr>
          </PIS>
          <COFINS>
            <COFINSOutr>
              <CST>99</CST>
              <vBC>0.00</vBC>
              <pCOFINS>0.0000</pCOFINS>
              <vCOFINS>0.00</vCOFINS>
            </COFINSOutr>
          </COFINS>
          <ICMSUFDest>
            <vBCUFDest>0.00</vBCUFDest>
            <vBCFCPUFDest>0.00</vBCFCPUFDest>
            <pFCPUFDest>0.0000</pFCPUFDest>
            <pICMSUFDest>0.0000</pICMSUFDest>
            <pICMSInter>4.00</pICMSInter>
            <pICMSInterPart>100.0000</pICMSInterPart>
            <vFCPUFDest>0.00</vFCPUFDest>
            <vICMSUFDest>0.00</vICMSUFDest>
            <vICMSUFRemet>0.00</vICMSUFRemet>
          </ICMSUFDest>
        </imposto>
        <infAdProd>CEST: 20.010.00 Val. Aprox. dos Tributos: RS 11,65 ( 73,73 % ) Fonte:IBPT</infAdProd>
      </det>
      <det nItem="29">
        <prod>
          <cProd>7893590305524</cProd>
          <cEAN>7893590305524</cEAN>
          <xProd>MASCARA FACIAL 001 A 007 SP COLORS</xProd>
          <NCM>33049990</NCM>
          <CEST>2001500</CEST>
          <CFOP>6108</CFOP>
          <uCom>PC</uCom>
          <qCom>2.0000</qCom>
          <vUnCom>3.9900000000</vUnCom>
          <vProd>7.98</vProd>
          <cEANTrib>7893590305524</cEANTrib>
          <uTrib>PC</uTrib>
          <qTrib>2.0000</qTrib>
          <vUnTrib>3.9900000000</vUnTrib>
          <vDesc>0.56</vDesc>
          <indTot>1</indTot>
        </prod>
        <imposto>
          <vTotTrib>5.47</vTotTrib>
          <ICMS>
            <ICMSSN102>
              <orig>2</orig>
              <CSOSN>102</CSOSN>
            </ICMSSN102>
          </ICMS>
          <IPI>
            <cEnq>999</cEnq>
            <IPITrib>
              <CST>99</CST>
              <vBC>0.00</vBC>
              <pIPI>0.0000</pIPI>
              <vIPI>0.00</vIPI>
            </IPITrib>
          </IPI>
          <PIS>
            <PISOutr>
              <CST>99</CST>
              <vBC>0.00</vBC>
              <pPIS>0.0000</pPIS>
              <vPIS>0.00</vPIS>
            </PISOutr>
          </PIS>
          <COFINS>
            <COFINSOutr>
              <CST>99</CST>
              <vBC>0.00</vBC>
              <pCOFINS>0.0000</pCOFINS>
              <vCOFINS>0.00</vCOFINS>
            </COFINSOutr>
          </COFINS>
          <ICMSUFDest>
            <vBCUFDest>0.00</vBCUFDest>
            <vBCFCPUFDest>0.00</vBCFCPUFDest>
            <pFCPUFDest>0.0000</pFCPUFDest>
            <pICMSUFDest>0.0000</pICMSUFDest>
            <pICMSInter>4.00</pICMSInter>
            <pICMSInterPart>100.0000</pICMSInterPart>
            <vFCPUFDest>0.00</vFCPUFDest>
            <vICMSUFDest>0.00</vICMSUFDest>
            <vICMSUFRemet>0.00</vICMSUFRemet>
          </ICMSUFDest>
        </imposto>
        <infAdProd>CEST: 20.015.00 Val. Aprox. dos Tributos: RS 5,47 ( 73,73 % ) Fonte:IBPT</infAdProd>
      </det>
      <det nItem="30">
        <prod>
          <cProd>FA506</cProd>
          <cEAN>SEM GTIN</cEAN>
          <xProd>FAIXA P/MAQ LACO FA506 MISS FRANDY</xProd>
          <NCM>96151900</NCM>
          <CEST>2006000</CEST>
          <CFOP>6108</CFOP>
          <uCom>PC</uCom>
          <qCom>2.0000</qCom>
          <vUnCom>6.5000000000</vUnCom>
          <vProd>13.00</vProd>
          <cEANTrib>SEM GTIN</cEANTrib>
          <uTrib>PC</uTrib>
          <qTrib>2.0000</qTrib>
          <vUnTrib>6.5000000000</vUnTrib>
          <vDesc>0.91</vDesc>
          <indTot>1</indTot>
        </prod>
        <imposto>
          <vTotTrib>4.26</vTotTrib>
          <ICMS>
            <ICMSSN102>
              <orig>0</orig>
              <CSOSN>102</CSOSN>
            </ICMSSN102>
          </ICMS>
          <IPI>
            <cEnq>999</cEnq>
            <IPITrib>
              <CST>99</CST>
              <vBC>0.00</vBC>
              <pIPI>0.0000</pIPI>
              <vIPI>0.00</vIPI>
            </IPITrib>
          </IPI>
          <PIS>
            <PISOutr>
              <CST>99</CST>
              <vBC>0.00</vBC>
              <pPIS>0.0000</pPIS>
              <vPIS>0.00</vPIS>
            </PISOutr>
          </PIS>
          <COFINS>
            <COFINSOutr>
              <CST>99</CST>
              <vBC>0.00</vBC>
              <pCOFINS>0.0000</pCOFINS>
              <vCOFINS>0.00</vCOFINS>
            </COFINSOutr>
          </COFINS>
          <ICMSUFDest>
            <vBCUFDest>0.00</vBCUFDest>
            <vBCFCPUFDest>0.00</vBCFCPUFDest>
            <pFCPUFDest>0.0000</pFCPUFDest>
            <pICMSUFDest>0.0000</pICMSUFDest>
            <pICMSInter>7.00</pICMSInter>
            <pICMSInterPart>100.0000</pICMSInterPart>
            <vFCPUFDest>0.00</vFCPUFDest>
            <vICMSUFDest>0.00</vICMSUFDest>
            <vICMSUFRemet>0.00</vICMSUFRemet>
          </ICMSUFDest>
        </imposto>
        <infAdProd>CEST: 20.060.00 Val. Aprox. dos Tributos: RS 4,26 ( 35,24 % ) Fonte:IBPT</infAdProd>
      </det>
      <det nItem="31">
        <prod>
          <cProd>6295125002815</cProd>
          <cEAN>6295125002815</cEAN>
          <xProd>PRIMER 8082 P/OLHOS RUBY ROSE</xProd>
          <NCM>33042010</NCM>
          <CEST>2001000</CEST>
          <CFOP>6108</CFOP>
          <uCom>PC</uCom>
          <qCom>3.0000</qCom>
          <vUnCom>3.9900000000</vUnCom>
          <vProd>11.97</vProd>
          <cEANTrib>6295125002815</cEANTrib>
          <uTrib>PC</uTrib>
          <qTrib>3.0000</qTrib>
          <vUnTrib>3.9900000000</vUnTrib>
          <vDesc>0.84</vDesc>
          <indTot>1</indTot>
        </prod>
        <imposto>
          <vTotTrib>8.21</vTotTrib>
          <ICMS>
            <ICMSSN102>
              <orig>2</orig>
              <CSOSN>102</CSOSN>
            </ICMSSN102>
          </ICMS>
          <IPI>
            <cEnq>999</cEnq>
            <IPITrib>
              <CST>99</CST>
              <vBC>0.00</vBC>
              <pIPI>0.0000</pIPI>
              <vIPI>0.00</vIPI>
            </IPITrib>
          </IPI>
          <PIS>
            <PISOutr>
              <CST>99</CST>
              <vBC>0.00</vBC>
              <pPIS>0.0000</pPIS>
              <vPIS>0.00</vPIS>
            </PISOutr>
          </PIS>
          <COFINS>
            <COFINSOutr>
              <CST>99</CST>
              <vBC>0.00</vBC>
              <pCOFINS>0.0000</pCOFINS>
              <vCOFINS>0.00</vCOFINS>
            </COFINSOutr>
          </COFINS>
          <ICMSUFDest>
            <vBCUFDest>0.00</vBCUFDest>
            <vBCFCPUFDest>0.00</vBCFCPUFDest>
            <pFCPUFDest>0.0000</pFCPUFDest>
            <pICMSUFDest>0.0000</pICMSUFDest>
            <pICMSInter>4.00</pICMSInter>
            <pICMSInterPart>100.0000</pICMSInterPart>
            <vFCPUFDest>0.00</vFCPUFDest>
            <vICMSUFDest>0.00</vICMSUFDest>
            <vICMSUFRemet>0.00</vICMSUFRemet>
          </ICMSUFDest>
        </imposto>
        <infAdProd>CEST: 20.010.00 Val. Aprox. dos Tributos: RS 8,21 ( 73,73 % ) Fonte:IBPT</infAdProd>
      </det>
      <det nItem="32">
        <prod>
          <cProd>6972721909099</cProd>
          <cEAN>6972721909099</cEAN>
          <xProd>PINCEL 19PCR0909 SWEET SOFT MISS FRANDY</xProd>
          <NCM>96033000</NCM>
          <CEST>2005800</CEST>
          <CFOP>6108</CFOP>
          <uCom>PC</uCom>
          <qCom>4.0000</qCom>
          <vUnCom>4.2000000000</vUnCom>
          <vProd>16.80</vProd>
          <cEANTrib>6972721909099</cEANTrib>
          <uTrib>PC</uTrib>
          <qTrib>4.0000</qTrib>
          <vUnTrib>4.2000000000</vUnTrib>
          <vDesc>1.18</vDesc>
          <indTot>1</indTot>
        </prod>
        <imposto>
          <vTotTrib>6.16</vTotTrib>
          <ICMS>
            <ICMSSN102>
              <orig>2</orig>
              <CSOSN>102</CSOSN>
            </ICMSSN102>
          </ICMS>
          <IPI>
            <cEnq>999</cEnq>
            <IPITrib>
              <CST>99</CST>
              <vBC>0.00</vBC>
              <pIPI>0.0000</pIPI>
              <vIPI>0.00</vIPI>
            </IPITrib>
          </IPI>
          <PIS>
            <PISOutr>
              <CST>99</CST>
              <vBC>0.00</vBC>
              <pPIS>0.0000</pPIS>
              <vPIS>0.00</vPIS>
            </PISOutr>
          </PIS>
          <COFINS>
            <COFINSOutr>
              <CST>99</CST>
              <vBC>0.00</vBC>
              <pCOFINS>0.0000</pCOFINS>
              <vCOFINS>0.00</vCOFINS>
            </COFINSOutr>
          </COFINS>
          <ICMSUFDest>
            <vBCUFDest>0.00</vBCUFDest>
            <vBCFCPUFDest>0.00</vBCFCPUFDest>
            <pFCPUFDest>0.0000</pFCPUFDest>
            <pICMSUFDest>0.0000</pICMSUFDest>
            <pICMSInter>4.00</pICMSInter>
            <pICMSInterPart>100.0000</pICMSInterPart>
            <vFCPUFDest>0.00</vFCPUFDest>
            <vICMSUFDest>0.00</vICMSUFDest>
            <vICMSUFRemet>0.00</vICMSUFRemet>
          </ICMSUFDest>
        </imposto>
        <infAdProd>CEST: 20.058.00 Val. Aprox. dos Tributos: RS 6,16 ( 39,45 % ) Fonte:IBPT</infAdProd>
      </det>
      <det nItem="33">
        <prod>
          <cProd>499104</cProd>
          <cEAN>SEM GTIN</cEAN>
          <xProd>ESPELHO DE MESA 200791/0792/0793 PRI</xProd>
          <NCM>70099200</NCM>
          <CEST>2804000</CEST>
          <CFOP>6108</CFOP>
          <uCom>PC</uCom>
          <qCom>4.0000</qCom>
          <vUnCom>12.9900000000</vUnCom>
          <vProd>51.96</vProd>
          <cEANTrib>SEM GTIN</cEANTrib>
          <uTrib>PC</uTrib>
          <qTrib>4.0000</qTrib>
          <vUnTrib>12.9900000000</vUnTrib>
          <vDesc>3.62</vDesc>
          <indTot>1</indTot>
        </prod>
        <imposto>
          <vTotTrib>17.45</vTotTrib>
          <ICMS>
            <ICMSSN102>
              <orig>2</orig>
              <CSOSN>102</CSOSN>
            </ICMSSN102>
          </ICMS>
          <IPI>
            <cEnq>999</cEnq>
            <IPITrib>
              <CST>99</CST>
              <vBC>0.00</vBC>
              <pIPI>0.0000</pIPI>
              <vIPI>0.00</vIPI>
            </IPITrib>
          </IPI>
          <PIS>
            <PISOutr>
              <CST>99</CST>
              <vBC>0.00</vBC>
              <pPIS>0.0000</pPIS>
              <vPIS>0.00</vPIS>
            </PISOutr>
          </PIS>
          <COFINS>
            <COFINSOutr>
              <CST>99</CST>
              <vBC>0.00</vBC>
              <pCOFINS>0.0000</pCOFINS>
              <vCOFINS>0.00</vCOFINS>
            </COFINSOutr>
          </COFINS>
          <ICMSUFDest>
            <vBCUFDest>0.00</vBCUFDest>
            <vBCFCPUFDest>0.00</vBCFCPUFDest>
            <pFCPUFDest>0.0000</pFCPUFDest>
            <pICMSUFDest>0.0000</pICMSUFDest>
            <pICMSInter>4.00</pICMSInter>
            <pICMSInterPart>100.0000</pICMSInterPart>
            <vFCPUFDest>0.00</vFCPUFDest>
            <vICMSUFDest>0.00</vICMSUFDest>
            <vICMSUFRemet>0.00</vICMSUFRemet>
          </ICMSUFDest>
        </imposto>
        <infAdProd>CEST: 28.040.00 Val. Aprox. dos Tributos: RS 17,45 ( 36,10 % ) Fonte:IBPT</infAdProd>
      </det>
      <total>
        <ICMSTot>
          <vBC>0.00</vBC>
          <vICMS>0.00</vICMS>
          <vICMSDeson>0.00</vICMSDeson>
          <vFCPUFDest>0.00</vFCPUFDest>
          <vICMSUFDest>0.00</vICMSUFDest>
          <vICMSUFRemet>0.00</vICMSUFRemet>
          <vFCP>0.00</vFCP>
          <vBCST>0.00</vBCST>
          <vST>0.00</vST>
          <vFCPST>0.00</vFCPST>
          <vFCPSTRet>0.00</vFCPSTRet>
          <vProd>601.55</vProd>
          <vFrete>0.00</vFrete>
          <vSeg>0.00</vSeg>
          <vDesc>42.11</vDesc>
          <vII>0.00</vII>
          <vIPI>0.00</vIPI>
          <vIPIDevol>0.00</vIPIDevol>
          <vPIS>0.00</vPIS>
          <vCOFINS>0.00</vCOFINS>
          <vOutro>0.00</vOutro>
          <vNF>559.44</vNF>
          <vTotTrib>312.00</vTotTrib>
        </ICMSTot>
      </total>
      <transp>
        <modFrete>0</modFrete>
        <transporta>
          <xNome>MANDAE</xNome>
          <UF>SP</UF>
        </transporta>
        <vol>
          <qVol>1</qVol>
          <esp>VOL</esp>
          <pesoL>3.000</pesoL>
          <pesoB>3.000</pesoB>
        </vol>
      </transp>
      <pag>
        <detPag>
          <tPag>03</tPag>
          <vPag>559.44</vPag>
        </detPag>
      </pag>
      <infAdic>
        <infAdFisco>Total FCP :0,00, Total FCP ST:0,00</infAdFisco>
        <infCpl>Documento emitido por ME ou EPP optante pelo Simples Nacional. Nao gera direito a Credito Fiscal de IPI.</infCpl>
      </infAdic>
    </infNFe>
  </NFe>
  <protNFe versao="4.00">
    <infProt>
      <tpAmb>1</tpAmb>
      <verAplic>NFE.io</verAplic>
      <chNFe>35201127524837000196550010000066051020696067</chNFe>
      <dhRecbto>2020-11-25T10:33:23+00:00</dhRecbto>
      <nProt>135201088533205</nProt>
      <digVal>K7fhh7oeYcrc9DTBZHRAQ29Y2VA=</digVal>
      <cStat>100</cStat>
      <xMotivo>Autorizado o uso da NF-e</xMotivo>
    </infProt>
  </protNFe>
</nfeProc></COFINSNT>
          </COFINS>
          <ICMSUFDest>
            <vBCUFDest>0.00</vBCUFDest>
            <vBCFCPUFDest>0.00</vBCFCPUFDest>
            <pFCPUFDest>0.0000</pFCPUFDest>
            <pICMSUFDest>18.0000</pICMSUFDest>
            <pICMSInter>4.00</pICMSInter>
            <pICMSInterPart>100.0000</pICMSInterPart>
            <vFCPUFDest>0.00</vFCPUFDest>
            <vICMSUFDest>0.00</vICMSUFDest>
            <vICMSUFRemet>0.00</vICMSUFRemet>
          </ICMSUFDest>
        </imposto>
      </det>
      <det nItem="43">
        <prod>
          <cProd>AT1576</cProd>
          <cEAN>SEM GTIN</cEAN>
          <xProd>Aplique Florzinha Tecido Amarelo Neon - 10 unidades</xProd>
          <NCM>67029000</NCM>
          <CEST>2899900</CEST>
          <CFOP>6108</CFOP>
          <uCom>UN</uCom>
          <qCom>2.0000</qCom>
          <vUnCom>0.5200000000</vUnCom>
          <vProd>1.04</vProd>
          <cEANTrib>SEM GTIN</cEANTrib>
          <uTrib>UN</uTrib>
          <qTrib>2.0000</qTrib>
          <vUnTrib>0.5200000000</vUnTrib>
          <indTot>1</indTot>
          <nItemPed>43</nItemPed>
        </prod>
        <imposto>
          <vTotTrib>0.53</vTotTrib>
          <ICMS>
            <ICMSSN102>
              <orig>1</orig>
              <CSOSN>102</CSOSN>
            </ICMSSN102>
          </ICMS>
          <IPI>
            <cEnq>999</cEnq>
            <IPINT>
              <CST>53</CST>
            </IPINT>
          </IPI>
          <PIS>
            <PISNT>
              <CST>08</CST>
            </PISNT>
          </PIS>
          <COFINS>
            <COFINSNT>
              <CST>08</CST>
            </COFINSNT>
          </COFINS>
          <ICMSUFDest>
            <vBCUFDest>0.00</vBCUFDest>
            <vBCFCPUFDest>0.00</vBCFCPUFDest>
            <pFCPUFDest>0.0000</pFCPUFDest>
            <pICMSUFDest>18.0000</pICMSUFDest>
            <pICMSInter>4.00</pICMSInter>
            <pICMSInterPart>100.0000</pICMSInterPart>
            <vFCPUFDest>0.00</vFCPUFDest>
            <vICMSUFDest>0.00</vICMSUFDest>
            <vICMSUFRemet>0.00</vICMSUFRemet>
          </ICMSUFDest>
        </imposto>
      </det>
      <det nItem="44">
        <prod>
          <cProd>AT1577</cProd>
          <cEAN>SEM GTIN</cEAN>
          <xProd>Aplique Florzinha Tecido Rosa Medio - 10 unidades</xProd>
          <NCM>67029000</NCM>
          <CEST>2899900</CEST>
          <CFOP>6108</CFOP>
          <uCom>UN</uCom>
          <qCom>2.0000</qCom>
          <vUnCom>0.5200000000</vUnCom>
          <vProd>1.04</vProd>
          <cEANTrib>SEM GTIN</cEANTrib>
          <uTrib>UN</uTrib>
          <qTrib>2.0000</qTrib>
          <vUnTrib>0.5200000000</vUnTrib>
          <indTot>1</indTot>
          <nItemPed>44</nItemPed>
        </prod>
        <imposto>
          <vTotTrib>0.53</vTotTrib>
          <ICMS>
            <ICMSSN102>
              <orig>1</orig>
              <CSOSN>102</CSOSN>
            </ICMSSN102>
          </ICMS>
          <IPI>
            <cEnq>999</cEnq>
            <IPINT>
              <CST>53</CST>
            </IPINT>
          </IPI>
          <PIS>
            <PISNT>
              <CST>08</CST>
            </PISNT>
          </PIS>
          <COFINS>
            <COFINSNT>
              <CST>08</CST>
            </COFINSNT>
          </COFINS>
          <ICMSUFDest>
            <vBCUFDest>0.00</vBCUFDest>
            <vBCFCPUFDest>0.00</vBCFCPUFDest>
            <pFCPUFDest>0.0000</pFCPUFDest>
            <pICMSUFDest>18.0000</pICMSUFDest>
            <pICMSInter>4.00</pICMSInter>
            <pICMSInterPart>100.0000</pICMSInterPart>
            <vFCPUFDest>0.00</vFCPUFDest>
            <vICMSUFDest>0.00</vICMSUFDest>
            <vICMSUFRemet>0.00</vICMSUFRemet>
          </ICMSUFDest>
        </imposto>
      </det>
      <det nItem="45">
        <prod>
          <cProd>AT1578</cProd>
          <cEAN>SEM GTIN</cEAN>
          <xProd>Aplique Florzinha Tecido Verde Claro - 10 unidades</xProd>
          <NCM>67029000</NCM>
          <CEST>2899900</CEST>
          <CFOP>6108</CFOP>
          <uCom>UN</uCom>
          <qCom>2.0000</qCom>
          <vUnCom>0.5200000000</vUnCom>
          <vProd>1.04</vProd>
          <cEANTrib>SEM GTIN</cEANTrib>
          <uTrib>UN</uTrib>
          <qTrib>2.0000</qTrib>
          <vUnTrib>0.5200000000</vUnTrib>
          <indTot>1</indTot>
          <nItemPed>45</nItemPed>
        </prod>
        <imposto>
          <vTotTrib>0.53</vTotTrib>
          <ICMS>
            <ICMSSN102>
              <orig>1</orig>
              <CSOSN>102</CSOSN>
            </ICMSSN102>
          </ICMS>
          <IPI>
            <cEnq>999</cEnq>
            <IPINT>
              <CST>53</CST>
            </IPINT>
          </IPI>
          <PIS>
            <PISNT>
              <CST>08</CST>
            </PISNT>
          </PIS>
          <COFINS>
            <COFINSNT>
              <CST>08</CST>
            </COFINSNT>
          </COFINS>
          <ICMSUFDest>
            <vBCUFDest>0.00</vBCUFDest>
            <vBCFCPUFDest>0.00</vBCFCPUFDest>
            <pFCPUFDest>0.0000</pFCPUFDest>
            <pICMSUFDest>18.0000</pICMSUFDest>
            <pICMSInter>4.00</pICMSInter>
            <pICMSInterPart>100.0000</pICMSInterPart>
            <vFCPUFDest>0.00</vFCPUFDest>
            <vICMSUFDest>0.00</vICMSUFDest>
            <vICMSUFRemet>0.00</vICMSUFRemet>
          </ICMSUFDest>
        </imposto>
      </det>
      <det nItem="46">
        <prod>
          <cProd>AO0049</cProd>
          <cEAN>SEM GTIN</cEAN>
          <xProd>Combo Plasticos Selados Para Laco Piscina - 11x6cm Quantidade:10 unidades</xProd>
          <NCM>39269090</NCM>
          <CEST>2803800</CEST>
          <CFOP>6108</CFOP>
          <uCom>UN</uCom>
          <qCom>2.0000</qCom>
          <vUnCom>9.9500000000</vUnCom>
          <vProd>19.90</vProd>
          <cEANTrib>SEM GTIN</cEANTrib>
          <uTrib>UN</uTrib>
          <qTrib>2.0000</qTrib>
          <vUnTrib>9.9500000000</vUnTrib>
          <indTot>1</indTot>
          <nItemPed>46</nItemPed>
        </prod>
        <imposto>
          <vTotTrib>10.45</vTotTrib>
          <ICMS>
            <ICMSSN102>
              <orig>2</orig>
              <CSOSN>102</CSOSN>
            </ICMSSN102>
          </ICMS>
          <IPI>
            <cEnq>999</cEnq>
            <IPINT>
              <CST>53</CST>
            </IPINT>
          </IPI>
          <PIS>
            <PISNT>
              <CST>08</CST>
            </PISNT>
          </PIS>
          <COFINS>
            <COFINSNT>
              <CST>08</CST>
            </COFINSNT>
          </COFINS>
          <ICMSUFDest>
            <vBCUFDest>0.00</vBCUFDest>
            <vBCFCPUFDest>0.00</vBCFCPUFDest>
            <pFCPUFDest>0.0000</pFCPUFDest>
            <pICMSUFDest>18.0000</pICMSUFDest>
            <pICMSInter>4.00</pICMSInter>
            <pICMSInterPart>100.0000</pICMSInterPart>
            <vFCPUFDest>0.00</vFCPUFDest>
            <vICMSUFDest>0.00</vICMSUFDest>
            <vICMSUFRemet>0.00</vICMSUFRemet>
          </ICMSUFDest>
        </imposto>
      </det>
      <det nItem="47">
        <prod>
          <cProd>AP0576</cProd>
          <cEAN>SEM GTIN</cEAN>
          <xProd>Aplique Coracao Plastico com Frutinhas (Modelo 3) - 2 unidades</xProd>
          <NCM>39269090</NCM>
          <CEST>2803800</CEST>
          <CFOP>6108</CFOP>
          <uCom>UN</uCom>
          <qCom>2.0000</qCom>
          <vUnCom>2.6000000000</vUnCom>
          <vProd>5.20</vProd>
          <cEANTrib>SEM GTIN</cEANTrib>
          <uTrib>UN</uTrib>
          <qTrib>2.0000</qTrib>
          <vUnTrib>2.6000000000</vUnTrib>
          <indTot>1</indTot>
          <nItemPed>47</nItemPed>
        </prod>
        <imposto>
          <vTotTrib>2.73</vTotTrib>
          <ICMS>
            <ICMSSN102>
              <orig>1</orig>
              <CSOSN>102</CSOSN>
            </ICMSSN102>
          </ICMS>
          <IPI>
            <cEnq>999</cEnq>
            <IPINT>
              <CST>53</CST>
            </IPINT>
          </IPI>
          <PIS>
            <PISNT>
              <CST>08</CST>
            </PISNT>
          </PIS>
          <COFINS>
            <COFINSNT>
              <CST>08</CST>
            </COFINSNT>
          </COFINS>
          <ICMSUFDest>
            <vBCUFDest>0.00</vBCUFDest>
            <vBCFCPUFDest>0.00</vBCFCPUFDest>
            <pFCPUFDest>0.0000</pFCPUFDest>
            <pICMSUFDest>18.0000</pICMSUFDest>
            <pICMSInter>4.00</pICMSInter>
            <pICMSInterPart>100.0000</pICMSInterPart>
            <vFCPUFDest>0.00</vFCPUFDest>
            <vICMSUFDest>0.00</vICMSUFDest>
            <vICMSUFRemet>0.00</vICMSUFRemet>
          </ICMSUFDest>
        </imposto>
      </det>
      <det nItem="48">
        <prod>
          <cProd>AP0589</cProd>
          <cEAN>SEM GTIN</cEAN>
          <xProd>Aplique Coracao Plastico com Coracoes Branco Furtacor (Modelo 3) - 2 unidades</xProd>
          <NCM>39269090</NCM>
          <CEST>2803800</CEST>
          <CFOP>6108</CFOP>
          <uCom>UN</uCom>
          <qCom>2.0000</qCom>
          <vUnCom>2.6000000000</vUnCom>
          <vProd>5.20</vProd>
          <cEANTrib>SEM GTIN</cEANTrib>
          <uTrib>UN</uTrib>
          <qTrib>2.0000</qTrib>
          <vUnTrib>2.6000000000</vUnTrib>
          <indTot>1</indTot>
          <nItemPed>48</nItemPed>
        </prod>
        <imposto>
          <vTotTrib>2.73</vTotTrib>
          <ICMS>
            <ICMSSN102>
              <orig>1</orig>
              <CSOSN>102</CSOSN>
            </ICMSSN102>
          </ICMS>
          <IPI>
            <cEnq>999</cEnq>
            <IPINT>
              <CST>53</CST>
            </IPINT>
          </IPI>
          <PIS>
            <PISNT>
              <CST>08</CST>
            </PISNT>
          </PIS>
          <COFINS>
            <COFINSNT>
              <CST>08</CST>
            </COFINSNT>
          </COFINS>
          <ICMSUFDest>
            <vBCUFDest>0.00</vBCUFDest>
            <vBCFCPUFDest>0.00</vBCFCPUFDest>
            <pFCPUFDest>0.0000</pFCPUFDest>
            <pICMSUFDest>18.0000</pICMSUFDest>
            <pICMSInter>4.00</pICMSInter>
            <pICMSInterPart>100.0000</pICMSInterPart>
            <vFCPUFDest>0.00</vFCPUFDest>
            <vICMSUFDest>0.00</vICMSUFDest>
            <vICMSUFRemet>0.00</vICMSUFRemet>
          </ICMSUFDest>
        </imposto>
      </det>
      <det nItem="49">
        <prod>
          <cProd>AP0632</cProd>
          <cEAN>SEM GTIN</cEAN>
          <xProd>Aplique Estrela Plastico com Coracoes Rosa Claro - 2 unidades</xProd>
          <NCM>39269090</NCM>
          <CEST>2803800</CEST>
          <CFOP>6108</CFOP>
          <uCom>UN</uCom>
          <qCom>2.0000</qCom>
          <vUnCom>2.6000000000</vUnCom>
          <vProd>5.20</vProd>
          <cEANTrib>SEM GTIN</cEANTrib>
          <uTrib>UN</uTrib>
          <qTrib>2.0000</qTrib>
          <vUnTrib>2.6000000000</vUnTrib>
          <indTot>1</indTot>
          <nItemPed>49</nItemPed>
        </prod>
        <imposto>
          <vTotTrib>2.73</vTotTrib>
          <ICMS>
            <ICMSSN102>
              <orig>1</orig>
              <CSOSN>102</CSOSN>
            </ICMSSN102>
          </ICMS>
          <IPI>
            <cEnq>999</cEnq>
            <IPINT>
              <CST>53</CST>
            </IPINT>
          </IPI>
          <PIS>
            <PISNT>
              <CST>08</CST>
            </PISNT>
          </PIS>
          <COFINS>
            <COFINSNT>
              <CST>08</CST>
            </COFINSNT>
          </COFINS>
          <ICMSUFDest>
            <vBCUFDest>0.00</vBCUFDest>
            <vBCFCPUFDest>0.00</vBCFCPUFDest>
            <pFCPUFDest>0.0000</pFCPUFDest>
            <pICMSUFDest>18.0000</pICMSUFDest>
            <pICMSInter>4.00</pICMSInter>
            <pICMSInterPart>100.0000</pICMSInterPart>
            <vFCPUFDest>0.00</vFCPUFDest>
            <vICMSUFDest>0.00</vICMSUFDest>
            <vICMSUFRemet>0.00</vICMSUFRemet>
          </ICMSUFDest>
        </imposto>
      </det>
      <det nItem="50">
        <prod>
          <cProd>AT1823</cProd>
          <cEAN>SEM GTIN</cEAN>
          <xProd>Pompom Pequeno 4 Tons Candy (10mm) - 6 gramas</xProd>
          <NCM>58089000</NCM>
          <CEST>2899900</CEST>
          <CFOP>6108</CFOP>
          <uCom>UN</uCom>
          <qCom>2.0000</qCom>
          <vUnCom>2.5000000000</vUnCom>
          <vProd>5.00</vProd>
          <cEANTrib>SEM GTIN</cEANTrib>
          <uTrib>UN</uTrib>
          <qTrib>2.0000</qTrib>
          <vUnTrib>2.5000000000</vUnTrib>
          <indTot>1</indTot>
          <nItemPed>50</nItemPed>
        </prod>
        <imposto>
          <vTotTrib>2.24</vTotTrib>
          <ICMS>
            <ICMSSN102>
              <orig>2</orig>
              <CSOSN>102</CSOSN>
            </ICMSSN102>
          </ICMS>
          <IPI>
            <cEnq>999</cEnq>
            <IPINT>
              <CST>53</CST>
            </IPINT>
          </IPI>
          <PIS>
            <PISNT>
              <CST>08</CST>
            </PISNT>
          </PIS>
          <COFINS>
            <COFINSNT>
              <CST>08</CST>
            </COFINSNT>
          </COFINS>
          <ICMSUFDest>
            <vBCUFDest>0.00</vBCUFDest>
            <vBCFCPUFDest>0.00</vBCFCPUFDest>
            <pFCPUFDest>0.0000</pFCPUFDest>
            <pICMSUFDest>18.0000</pICMSUFDest>
            <pICMSInter>4.00</pICMSInter>
            <pICMSInterPart>100.0000</pICMSInterPart>
            <vFCPUFDest>0.00</vFCPUFDest>
            <vICMSUFDest>0.00</vICMSUFDest>
            <vICMSUFRemet>0.00</vICMSUFRemet>
          </ICMSUFDest>
        </imposto>
      </det>
      <det nItem="51">
        <prod>
          <cProd>AT1824</cProd>
          <cEAN>SEM GTIN</cEAN>
          <xProd>Pompom Mini 4 Tons Candy (8mm) - 6 gramas</xProd>
          <NCM>58089000</NCM>
          <CEST>2899900</CEST>
          <CFOP>6108</CFOP>
          <uCom>UN</uCom>
          <qCom>2.0000</qCom>
          <vUnCom>2.4500000000</vUnCom>
          <vProd>4.90</vProd>
          <cEANTrib>SEM GTIN</cEANTrib>
          <uTrib>UN</uTrib>
          <qTrib>2.0000</qTrib>
          <vUnTrib>2.4500000000</vUnTrib>
          <indTot>1</indTot>
          <nItemPed>51</nItemPed>
        </prod>
        <imposto>
          <vTotTrib>2.20</vTotTrib>
          <ICMS>
            <ICMSSN102>
              <orig>2</orig>
              <CSOSN>102</CSOSN>
            </ICMSSN102>
          </ICMS>
          <IPI>
            <cEnq>999</cEnq>
            <IPINT>
              <CST>53</CST>
            </IPINT>
          </IPI>
          <PIS>
            <PISNT>
              <CST>08</CST>
            </PISNT>
          </PIS>
          <COFINS>
            <COFINSNT>
              <CST>08</CST>
            </COFINSNT>
          </COFINS>
          <ICMSUFDest>
            <vBCUFDest>0.00</vBCUFDest>
            <vBCFCPUFDest>0.00</vBCFCPUFDest>
            <pFCPUFDest>0.0000</pFCPUFDest>
            <pICMSUFDest>18.0000</pICMSUFDest>
            <pICMSInter>4.00</pICMSInter>
            <pICMSInterPart>100.0000</pICMSInterPart>
            <vFCPUFDest>0.00</vFCPUFDest>
            <vICMSUFDest>0.00</vICMSUFDest>
            <vICMSUFRemet>0.00</vICMSUFRemet>
          </ICMSUFDest>
        </imposto>
      </det>
      <total>
        <ICMSTot>
          <vBC>0.00</vBC>
          <vICMS>0.00</vICMS>
          <vICMSDeson>0.00</vICMSDeson>
          <vFCPUFDest>0.00</vFCPUFDest>
          <vICMSUFDest>0.00</vICMSUFDest>
          <vICMSUFRemet>0.00</vICMSUFRemet>
          <vFCP>0.00</vFCP>
          <vBCST>0.00</vBCST>
          <vST>0.00</vST>
          <vFCPST>0.00</vFCPST>
          <vFCPSTRet>0.00</vFCPSTRet>
          <vProd>175.88</vProd>
          <vFrete>0.00</vFrete>
          <vSeg>0.00</vSeg>
          <vDesc>0.00</vDesc>
          <vII>0.00</vII>
          <vIPI>0.00</vIPI>
          <vIPIDevol>0.00</vIPIDevol>
          <vPIS>0.00</vPIS>
          <vCOFINS>0.00</vCOFINS>
          <vOutro>0.00</vOutro>
          <vNF>175.88</vNF>
          <vTotTrib>86.05</vTotTrib>
        </ICMSTot>
      </total>
      <transp>
        <modFrete>1</modFrete>
        <vol>
          <qVol>0</qVol>
          <esp>Volumes</esp>
          <pesoL>2.550</pesoL>
          <pesoB>2.550</pesoB>
        </vol>
      </transp>
      <cobr>
        <fat>
          <nFat>015915</nFat>
          <vOrig>175.88</vOrig>
          <vLiq>175.88</vLiq>
        </fat>
        <dup>
          <nDup>001</nDup>
          <dVenc>2020-12-28</dVenc>
          <vDup>175.88</vDup>
        </dup>
      </cobr>
      <pag>
        <detPag>
          <tPag>01</tPag>
          <vPag>175.88</vPag>
        </detPag>
      </pag>
      <infAdic>
        <infCpl>I - "DOCUMENTO EMITIDO POR ME OU EPP OPTANTE PELO SIMPLES NACIONAL"; &lt;br /&gt;II - "NAO GERA DIREITO A CREDITO FISCAL DE ICMS, DE ISS E DE IPI".&lt;br /&gt;&lt;br /&gt;Total aproximado de tributos: R$ 86,05 (48,93%)  Federais R$ 54,29 (30,92%)  Estaduais R$ 31,72 (18,00%) . Fonte IBPT.&lt;br /&gt;</infCpl>
      </infAdic>
    </infNFe>
  </NFe>
  <protNFe versao="4.00">
    <infProt>
      <tpAmb>1</tpAmb>
      <verAplic>NFE.io</verAplic>
      <chNFe>35201125128086000163550010000159151396643141</chNFe>
      <dhRecbto>2020-11-28T15:48:27+00:00</dhRecbto>
      <nProt>135201107618156</nProt>
      <digVal>PClNdXXO88mcm6gOpR4aTruTt2M=</digVal>
      <cStat>100</cStat>
      <xMotivo>Autorizado o uso da NF-e</xMotivo>
    </infProt>
  </protNFe>
</nfeProc>    <qCom>1.0000</qCom>
          <vUnCom>3.7500000000</vUnCom>
          <vProd>3.75</vProd>
          <cEANTrib>SEM GTIN</cEANTrib>
          <uTrib>UN</uTrib>
          <qTrib>1.0000</qTrib>
          <vUnTrib>3.7500000000</vUnTrib>
          <indTot>1</indTot>
          <nItemPed>53</nItemPed>
        </prod>
        <imposto>
          <vTotTrib>1.97</vTotTrib>
          <ICMS>
            <ICMSSN102>
              <orig>2</orig>
              <CSOSN>102</CSOSN>
            </ICMSSN102>
          </ICMS>
          <IPI>
            <cEnq>999</cEnq>
            <IPINT>
              <CST>53</CST>
            </IPINT>
          </IPI>
          <PIS>
            <PISNT>
              <CST>08</CST>
            </PISNT>
          </PIS>
          <COFINS>
            <COFINSNT>
              <CST>08</CST>
            </COFINSNT>
          </COFINS>
          <ICMSUFDest>
            <vBCUFDest>0.00</vBCUFDest>
            <vBCFCPUFDest>0.00</vBCFCPUFDest>
            <pFCPUFDest>0.0000</pFCPUFDest>
            <pICMSUFDest>18.0000</pICMSUFDest>
            <pICMSInter>4.00</pICMSInter>
            <pICMSInterPart>100.0000</pICMSInterPart>
            <vFCPUFDest>0.00</vFCPUFDest>
            <vICMSUFDest>0.00</vICMSUFDest>
            <vICMSUFRemet>0.00</vICMSUFRemet>
          </ICMSUFDest>
        </imposto>
      </det>
      <det nItem="54">
        <prod>
          <cProd>AE0121</cProd>
          <cEAN>SEM GTIN</cEAN>
          <xProd>Aplique Confete Mini Laranja - 15 gramas</xProd>
          <NCM>39269090</NCM>
          <CEST>2803800</CEST>
          <CFOP>6108</CFOP>
          <uCom>UN</uCom>
          <qCom>1.0000</qCom>
          <vUnCom>3.7500000000</vUnCom>
          <vProd>3.75</vProd>
          <cEANTrib>SEM GTIN</cEANTrib>
          <uTrib>UN</uTrib>
          <qTrib>1.0000</qTrib>
          <vUnTrib>3.7500000000</vUnTrib>
          <indTot>1</indTot>
          <nItemPed>54</nItemPed>
        </prod>
        <imposto>
          <vTotTrib>1.97</vTotTrib>
          <ICMS>
            <ICMSSN102>
              <orig>2</orig>
              <CSOSN>102</CSOSN>
            </ICMSSN102>
          </ICMS>
          <IPI>
            <cEnq>999</cEnq>
            <IPINT>
              <CST>53</CST>
            </IPINT>
          </IPI>
          <PIS>
            <PISNT>
              <CST>08</CST>
            </PISNT>
          </PIS>
          <COFINS>
            <COFINSNT>
              <CST>08</CST>
            </COFINSNT>
          </COFINS>
          <ICMSUFDest>
            <vBCUFDest>0.00</vBCUFDest>
            <vBCFCPUFDest>0.00</vBCFCPUFDest>
            <pFCPUFDest>0.0000</pFCPUFDest>
            <pICMSUFDest>18.0000</pICMSUFDest>
            <pICMSInter>4.00</pICMSInter>
            <pICMSInterPart>100.0000</pICMSInterPart>
            <vFCPUFDest>0.00</vFCPUFDest>
            <vICMSUFDest>0.00</vICMSUFDest>
            <vICMSUFRemet>0.00</vICMSUFRemet>
          </ICMSUFDest>
        </imposto>
      </det>
      <det nItem="55">
        <prod>
          <cProd>AE0122</cProd>
          <cEAN>SEM GTIN</cEAN>
          <xProd>Aplique Confete Mini Melancia - 15 gramas</xProd>
          <NCM>39269090</NCM>
          <CEST>2803800</CEST>
          <CFOP>6108</CFOP>
          <uCom>UN</uCom>
          <qCom>1.0000</qCom>
          <vUnCom>4.8800000000</vUnCom>
          <vProd>4.88</vProd>
          <cEANTrib>SEM GTIN</cEANTrib>
          <uTrib>UN</uTrib>
          <qTrib>1.0000</qTrib>
          <vUnTrib>4.8800000000</vUnTrib>
          <indTot>1</indTot>
          <nItemPed>55</nItemPed>
        </prod>
        <imposto>
          <vTotTrib>2.56</vTotTrib>
          <ICMS>
            <ICMSSN102>
              <orig>2</orig>
              <CSOSN>102</CSOSN>
            </ICMSSN102>
          </ICMS>
          <IPI>
            <cEnq>999</cEnq>
            <IPINT>
              <CST>53</CST>
            </IPINT>
          </IPI>
          <PIS>
            <PISNT>
              <CST>08</CST>
            </PISNT>
          </PIS>
          <COFINS>
            <COFINSNT>
              <CST>08</CST>
            </COFINSNT>
          </COFINS>
          <ICMSUFDest>
            <vBCUFDest>0.00</vBCUFDest>
            <vBCFCPUFDest>0.00</vBCFCPUFDest>
            <pFCPUFDest>0.0000</pFCPUFDest>
            <pICMSUFDest>18.0000</pICMSUFDest>
            <pICMSInter>4.00</pICMSInter>
            <pICMSInterPart>100.0000</pICMSInterPart>
            <vFCPUFDest>0.00</vFCPUFDest>
            <vICMSUFDest>0.00</vICMSUFDest>
            <vICMSUFRemet>0.00</vICMSUFRemet>
          </ICMSUFDest>
        </imposto>
      </det>
      <total>
        <ICMSTot>
          <vBC>0.00</vBC>
          <vICMS>0.00</vICMS>
          <vICMSDeson>0.00</vICMSDeson>
          <vFCPUFDest>0.00</vFCPUFDest>
          <vICMSUFDest>0.00</vICMSUFDest>
          <vICMSUFRemet>0.00</vICMSUFRemet>
          <vFCP>0.00</vFCP>
          <vBCST>0.00</vBCST>
          <vST>0.00</vST>
          <vFCPST>0.00</vFCPST>
          <vFCPSTRet>0.00</vFCPSTRet>
          <vProd>167.95</vProd>
          <vFrete>0.00</vFrete>
          <vSeg>0.00</vSeg>
          <vDesc>0.00</vDesc>
          <vII>0.00</vII>
          <vIPI>0.00</vIPI>
          <vIPIDevol>0.00</vIPIDevol>
          <vPIS>0.00</vPIS>
          <vCOFINS>0.00</vCOFINS>
          <vOutro>0.00</vOutro>
          <vNF>167.95</vNF>
          <vTotTrib>85.72</vTotTrib>
        </ICMSTot>
      </total>
      <transp>
        <modFrete>1</modFrete>
        <vol>
          <qVol>0</qVol>
          <esp>Volumes</esp>
          <pesoL>1.316</pesoL>
          <pesoB>1.316</pesoB>
        </vol>
      </transp>
      <cobr>
        <fat>
          <nFat>016199</nFat>
          <vOrig>167.95</vOrig>
          <vLiq>167.95</vLiq>
        </fat>
        <dup>
          <nDup>001</nDup>
          <dVenc>2020-12-28</dVenc>
          <vDup>167.95</vDup>
        </dup>
      </cobr>
      <pag>
        <detPag>
          <tPag>01</tPag>
          <vPag>167.95</vPag>
        </detPag>
      </pag>
      <infAdic>
        <infCpl>I - "DOCUMENTO EMITIDO POR ME OU EPP OPTANTE PELO SIMPLES NACIONAL"; &lt;br /&gt;II - "NAO GERA DIREITO A CREDITO FISCAL DE ICMS, DE ISS E DE IPI".&lt;br /&gt;&lt;br /&gt;Total aproximado de tributos: R$ 85,72 (51,04%)  Federais R$ 55,52 (33,04%)  Estaduais R$ 30,25 (18,00%) . Fonte IBPT.&lt;br /&gt;</infCpl>
      </infAdic>
    </infNFe>
  </NFe>
  <protNFe versao="4.00">
    <infProt>
      <tpAmb>1</tpAmb>
      <verAplic>NFE.io</verAplic>
      <chNFe>35201125128086000163550010000161991403608351</chNFe>
      <dhRecbto>2020-11-28T15:27:42+00:00</dhRecbto>
      <nProt>135201107546753</nProt>
      <digVal>gzKQb+6b/NsSodah7OTUo7zkhGs=</digVal>
      <cStat>100</cStat>
      <xMotivo>Autorizado o uso da NF-e</xMotivo>
    </infProt>
  </protNFe>
</nfeProc>         <pICMS>7.0000</pICMS>
              <vICMS>0.52</vICMS>
            </ICMS00>
          </ICMS>
          <PIS>
            <PISAliq>
              <CST>01</CST>
              <vBC>0.00</vBC>
              <pPIS>0.0000</pPIS>
              <vPIS>0.00</vPIS>
            </PISAliq>
          </PIS>
          <COFINS>
            <COFINSAliq>
              <CST>01</CST>
              <vBC>0.00</vBC>
              <pCOFINS>0.0000</pCOFINS>
              <vCOFINS>0.00</vCOFINS>
            </COFINSAliq>
          </COFINS>
          <ICMSUFDest>
            <vBCUFDest>7.49</vBCUFDest>
            <vBCFCPUFDest>0.00</vBCFCPUFDest>
            <pFCPUFDest>0.0000</pFCPUFDest>
            <pICMSUFDest>18.0000</pICMSUFDest>
            <pICMSInter>7.00</pICMSInter>
            <pICMSInterPart>100.0000</pICMSInterPart>
            <vFCPUFDest>0.00</vFCPUFDest>
            <vICMSUFDest>0.82</vICMSUFDest>
            <vICMSUFRemet>0.00</vICMSUFRemet>
          </ICMSUFDest>
        </imposto>
      </det>
      <total>
        <ICMSTot>
          <vBC>467.54</vBC>
          <vICMS>32.73</vICMS>
          <vICMSDeson>0.00</vICMSDeson>
          <vFCPUFDest>0.00</vFCPUFDest>
          <vICMSUFDest>51.41</vICMSUFDest>
          <vICMSUFRemet>0.00</vICMSUFRemet>
          <vFCP>0.00</vFCP>
          <vBCST>0.00</vBCST>
          <vST>0.00</vST>
          <vFCPST>0.00</vFCPST>
          <vFCPSTRet>0.00</vFCPSTRet>
          <vProd>467.54</vProd>
          <vFrete>45.29</vFrete>
          <vSeg>0.00</vSeg>
          <vDesc>0.00</vDesc>
          <vII>0.00</vII>
          <vIPI>0.00</vIPI>
          <vIPIDevol>0.00</vIPIDevol>
          <vPIS>0.00</vPIS>
          <vCOFINS>0.00</vCOFINS>
          <vOutro>0.00</vOutro>
          <vNF>512.83</vNF>
          <vTotTrib>75.53</vTotTrib>
        </ICMSTot>
      </total>
      <transp>
        <modFrete>0</modFrete>
        <transporta>
          <CNPJ>19782476000150</CNPJ>
          <xNome>MANDAE SERVICO DE CONSULTORIA E LOGISTICA</xNome>
          <xEnder>RUA PADRE MELITON VIGUEIRA PENILLOS, 132</xEnder>
          <xMun>SAO PAULO</xMun>
          <UF>SP</UF>
        </transporta>
        <vol>
          <qVol>1</qVol>
          <esp>VOLUMES</esp>
          <nVol>1</nVol>
          <pesoL>4.921</pesoL>
          <pesoB>4.921</pesoB>
        </vol>
      </transp>
      <cobr>
        <fat>
          <nFat>530945</nFat>
          <vOrig>512.83</vOrig>
          <vLiq>512.83</vLiq>
        </fat>
        <dup>
          <nDup>001</nDup>
          <dVenc>2020-11-30</dVenc>
          <vDup>512.83</vDup>
        </dup>
      </cobr>
      <pag>
        <detPag>
          <tPag>05</tPag>
          <vPag>512.83</vPag>
        </detPag>
      </pag>
      <infAdic>
        <infCpl>DESTINATARIO: LEILA CRUZ PROMOCOES: PRODUTOS 10%, PRODUTOS 13%|FRETE POR CONTA DO DESTINATARIO (CLIENTE)IMPOSTOS PAGOS (FEDERAL  R$ 29.30, ESTADUAL  R$ 46.23, TOTAL R$ 75.53)       FONTE: IBPT\/EMPRESOMETRO.COM.BR  VERSAO: 20.2.C  CHAVE: 5DC0AE|IE:  131676187 ICMS DEVIDO AO ESTADO SERA RECOLHIDO MENSALMENTE.||TOTAL DO ICMS INTERESTADUAL PARA A UF DO DESTINATARIO: 51.41|TOTAL DO ICMS INTERESTADUAL PARA A UF DO REMETENTE: 0.00</infCpl>
      </infAdic>
    </infNFe>
  </NFe>
  <protNFe versao="4.00">
    <infProt>
      <tpAmb>1</tpAmb>
      <verAplic>NFE.io</verAplic>
      <chNFe>35201108991182000383550010005309451002527179</chNFe>
      <dhRecbto>2020-11-30T10:08:26+00:00</dhRecbto>
      <nProt>135201112772369</nProt>
      <digVal>Fu0WBITrUh077xzLJx1sQgeakVI=</digVal>
      <cStat>100</cStat>
      <xMotivo>Autorizado o uso da NF-e</xMotivo>
    </infProt>
  </protNFe>
</nfeProc>