<nfeProc xmlns:xsd="http://www.w3.org/2001/XMLSchema" xmlns:xsi="http://www.w3.org/2001/XMLSchema-instance" versao="4.00" xmlns="http://www.portalfiscal.inf.br/nfe"><NFe><infNFe versao="4.00" Id="NFe35201114426107000100550010000301141158715434"><ide><cUF>35</cUF><cNF>15871543</cNF><natOp>Venda para consumidor final</natOp><mod>55</mod><serie>1</serie><nNF>30114</nNF><dhEmi>2020-11-19T09:30:17+00:00</dhEmi><dhSaiEnt>2020-11-19T09:30:17+00:00</dhSaiEnt><tpNF>1</tpNF><idDest>2</idDest><cMunFG>3550308</cMunFG><tpImp>1</tpImp><tpEmis>1</tpEmis><cDV>4</cDV><tpAmb>1</tpAmb><finNFe>1</finNFe><indFinal>1</indFinal><indPres>2</indPres><procEmi>0</procEmi><verProc>Bling 1.0</verProc></ide><emit><CNPJ>14426107000100</CNPJ><xNome>STUDIO IMMAGINE eventos feiras e congressos eireli</xNome><xFant>Studio Immagine</xFant><enderEmit><xLgr>Avenida Nove de Julho</xLgr><nro>3452</nro><xCpl>Conjunto 31</xCpl><xBairro>Jardim Paulista</xBairro><cMun>3550308</cMun><xMun>Sao Paulo</xMun><UF>SP</UF><CEP>01406000</CEP><cPais>1058</cPais><xPais>Brasil</xPais></enderEmit><IE>144579005119</IE><IM>4.395.141-4</IM><CNAE>8230001</CNAE><CRT>3</CRT></emit><dest><CPF>77111303334</CPF><xNome>Ana Macedo</xNome><enderDest><xLgr>Avenida Hilton Souto Maior</xLgr><nro>6501</nro><xCpl>casa 1122</xCpl><xBairro>Portal do Sol</xBairro><cMun>2507507</cMun><xMun>Joao Pessoa</xMun><UF>PB</UF><CEP>58046600</CEP><cPais>1058</cPais><xPais>Brasil</xPais><fone>83987308081</fone></enderDest><indIEDest>9</indIEDest><email>6c2e7891e3c84460b4be5f0aa4ffd32a@ct.vtex.com.br</email></dest><det nItem="1"><prod><cProd>50053</cProd><cEAN>SEM GTIN</cEAN><xProd>Cartela Inverno Brilhante  Ed. 2020 Especificacao:Unico</xProd><NCM>48109990</NCM><CFOP>6108</CFOP><uCom>UN</uCom><qCom>3.0000</qCom><vUnCom>44.9000000000</vUnCom><vProd>134.70</vProd><cEANTrib>SEM GTIN</cEANTrib><uTrib>UN</uTrib><qTrib>3.0000</qTrib><vUnTrib>44.9000000000</vUnTrib><vFrete>17.70</vFrete><vDesc>13.47</vDesc><indTot>1</indTot><nItemPed>1</nItemPed></prod><imposto><vTotTrib>43.01</vTotTrib><ICMS><ICMS00><orig>0</orig><CST>00</CST><modBC>3</modBC><vBC>138.93</vBC><pICMS>7.0000</pICMS><vICMS>9.73</vICMS></ICMS00></ICMS><PIS><PISAliq><CST>01</CST><vBC>138.93</vBC><pPIS>0.6500</pPIS><vPIS>0.90</vPIS></PISAliq></PIS><COFINS><COFINSAliq><CST>01</CST><vBC>138.93</vBC><pCOFINS>3.0000</pCOFINS><vCOFINS>4.17</vCOFINS></COFINSAliq></COFINS><ICMSUFDest><vBCUFDest>138.93</vBCUFDest><vBCFCPUFDest>0.00</vBCFCPUFDest><pFCPUFDest>0.0000</pFCPUFDest><pICMSUFDest>18.0000</pICMSUFDest><pICMSInter>7.00</pICMSInter><pICMSInterPart>100.0000</pICMSInterPart><vFCPUFDest>0.00</vFCPUFDest><vICMSUFDest>15.28</vICMSUFDest><vICMSUFRemet>0.00</vICMSUFRemet></ICMSUFDest></imposto></det><det nItem="2"><prod><cProd>50052</cProd><cEAN>SEM GTIN</cEAN><xProd>Cartela Inverno Frio  Ed. 2020 Especificacao:Unico</xProd><NCM>48109990</NCM><CFOP>6108</CFOP><uCom>UN</uCom><qCom>2.0000</qCom><vUnCom>44.9000000000</vUnCom><vProd>89.80</vProd><cEANTrib>SEM GTIN</cEANTrib><uTrib>UN</uTrib><qTrib>2.0000</qTrib><vUnTrib>44.9000000000</vUnTrib><vFrete>11.80</vFrete><vDesc>8.98</vDesc><indTot>1</indTot><nItemPed>2</nItemPed></prod><imposto><vTotTrib>28.68</vTotTrib><ICMS><ICMS00><orig>0</orig><CST>00</CST><modBC>3</modBC><vBC>92.62</vBC><pICMS>7.0000</pICMS><vICMS>6.48</vICMS></ICMS00></ICMS><PIS><PISAliq><CST>01</CST><vBC>92.62</vBC><pPIS>0.6500</pPIS><vPIS>0.60</vPIS></PISAliq></PIS><COFINS><COFINSAliq><CST>01</CST><vBC>92.62</vBC><pCOFINS>3.0000</pCOFINS><vCOFINS>2.78</vCOFINS></COFINSAliq></COFINS><ICMSUFDest><vBCUFDest>92.62</vBCUFDest><vBCFCPUFDest>0.00</vBCFCPUFDest><pFCPUFDest>0.0000</pFCPUFDest><pICMSUFDest>18.0000</pICMSUFDest><pICMSInter>7.00</pICMSInter><pICMSInterPart>100.0000</pICMSInterPart><vFCPUFDest>0.00</vFCPUFDest><vICMSUFDest>10.19</vICMSUFDest><vICMSUFRemet>0.00</vICMSUFRemet></ICMSUFDest></imposto></det><det nItem="3"><prod><cProd>50051</cProd><cEAN>SEM GTIN</cEAN><xProd>Cartela Inverno Escuro  Ed. 2020 Especificacao:Unico</xProd><NCM>48109990</NCM><CFOP>6108</CFOP><uCom>UN</uCom><qCom>2.0000</qCom><vUnCom>44.9000000000</vUnCom><vProd>89.80</vProd><cEANTrib>SEM GTIN</cEANTrib><uTrib>UN</uTrib><qTrib>2.0000</qTrib><vUnTrib>44.9000000000</vUnTrib><vFrete>11.80</vFrete><vDesc>8.98</vDesc><indTot>1</indTot><nItemPed>3</nItemPed></prod><imposto><vTotTrib>28.68</vTotTrib><ICMS><ICMS00><orig>0</orig><CST>00</CST><modBC>3</modBC><vBC>92.62</vBC><pICMS>7.0000</pICMS><vICMS>6.48</vICMS></ICMS00></ICMS><PIS><PISAliq><CST>01</CST><vBC>92.62</vBC><pPIS>0.6500</pPIS><vPIS>0.60</vPIS></PISAliq></PIS><COFINS><COFINSAliq><CST>01</CST><vBC>92.62</vBC><pCOFINS>3.0000</pCOFINS><vCOFINS>2.78</vCOFINS></COFINSAliq></COFINS><ICMSUFDest><vBCUFDest>92.62</vBCUFDest><vBCFCPUFDest>0.00</vBCFCPUFDest><pFCPUFDest>0.0000</pFCPUFDest><pICMSUFDest>18.0000</pICMSUFDest><pICMSInter>7.00</pICMSInter><pICMSInterPart>100.0000</pICMSInterPart><vFCPUFDest>0.00</vFCPUFDest><vICMSUFDest>10.19</vICMSUFDest><vICMSUFRemet>0.00</vICMSUFRemet></ICMSUFDest></imposto></det><total><ICMSTot><vBC>324.17</vBC><vICMS>22.69</vICMS><vICMSDeson>0.00</vICMSDeson><vFCPUFDest>0.00</vFCPUFDest><vICMSUFDest>35.66</vICMSUFDest><vICMSUFRemet>0.00</vICMSUFRemet><vFCP>0.00</vFCP><vBCST>0.00</vBCST><vST>0.00</vST><vFCPST>0.00</vFCPST><vFCPSTRet>0.00</vFCPSTRet><vProd>314.30</vProd><vFrete>41.30</vFrete><vSeg>0.00</vSeg><vDesc>31.43</vDesc><vII>0.00</vII><vIPI>0.00</vIPI><vIPIDevol>0.00</vIPIDevol><vPIS>2.10</vPIS><vCOFINS>9.73</vCOFINS><vOutro>0.00</vOutro><vNF>324.17</vNF><vTotTrib>100.37</vTotTrib></ICMSTot></total><transp><modFrete>0</modFrete><transporta><xNome>Mandae Economico</xNome></transporta><vol><qVol>1</qVol><esp>Volumes</esp></vol></transp><cobr><fat><nFat>030114</nFat><vOrig>355.60</vOrig><vDesc>31.43</vDesc><vLiq>324.17</vLiq></fat><dup><nDup>001</nDup><dVenc>2020-12-19</dVenc><vDup>324.17</vDup></dup></cobr><pag><detPag><tPag>15</tPag><vPag>324.17</vPag></detPag></pag><infAdic><infCpl>Total aproximado de tributos: R$ 100,37 (30,96%)  Federais R$ 42,01 (12,96%)  Estaduais R$ 58,35 (18,00%) . Fonte IBPT.&lt;br /&gt;Valor do ICMS DIFAL para UF de destino R$ 35,66&lt;br /&gt;</infCpl></infAdic></infNFe></NFe><protNFe versao="4.00"><infProt><tpAmb>1</tpAmb><verAplic>NFE.io</verAplic><chNFe>35201114426107000100550010000301141158715434</chNFe><dhRecbto>2020-11-19T09:30:17+00:00</dhRecbto><nProt>135201063788376</nProt><digVal>fYZdUQvjpxEAsGw95I9h858ElNE=</digVal><cStat>100</cStat><xMotivo>Autorizado o uso da NF-e</xMotivo></infProt></protNFe></nfeProc>